subset,model,MAE_kWh,RMSE_kWh,WAPE_household_hour,bias,WAPE_portfolio_hour,WAPE_portfolio_day
all households,naive_168h (same hour last week),0.8124017119407654,1.3629543781280518,0.524873673915863,-0.018526971340179443,0.20684584975242615,0.1815444380044937
all households,naive_48h,0.7936332821846008,1.3561351299285889,0.5127478241920471,-0.00506609445437789,0.16459184885025024,0.12704552710056305
all households,mean_same_hour_7d,0.6658327579498291,1.0657068490982056,0.4301789104938507,-0.01279584039002657,0.1655893325805664,0.14340323209762573
all households,L0 LightGBM (global),0.6105401788368723,0.9916474258723253,0.394455665991333,-0.02073481758793932,0.08422365459168674,0.06823591885657208
all households,L1 LightGBM + PV flag,0.6100967857019249,0.9908177397876797,0.39416920010357637,-0.021636122866603578,0.08464018111202783,0.0687513123649759
all households,L1 group models (PV / non-PV),0.6106829506518635,0.9901908145133502,0.39454790750682917,-0.01933757991784591,0.08337320867762435,0.06773559435900016
PV households,naive_168h (same hour last week),0.8551672101020813,1.520479440689087,0.5813263654708862,-0.017789946869015694,0.24472154676914215,0.20404063165187836
PV households,naive_48h,0.8317537903785706,1.5092425346374512,0.5654103755950928,-0.0048787291161715984,0.1927042007446289,0.13229571282863617
PV households,mean_same_hour_7d,0.7009099125862122,1.1799513101577759,0.4764651954174042,-0.011930376291275024,0.19133147597312927,0.155732661485672
PV households,L0 LightGBM (global),0.6408941234824603,1.1061829309678275,0.4356676069713733,-0.024334349395111435,0.11439118453552613,0.08282126219493924
PV households,L1 LightGBM + PV flag,0.6399823169716793,1.1039959231358083,0.43504777828826047,-0.02168386901528152,0.11069910072636141,0.07946226837786141
PV households,L1 group models (PV / non-PV),0.6428230276235501,1.1044664881178354,0.4369788392333567,-0.018933828610374015,0.11340683573653396,0.08372227828034759
non-PV households,naive_168h (same hour last week),0.7837168574333191,1.2461873292922974,0.4900439381599426,-0.018981697037816048,0.19410201907157898,0.1758124828338623
non-PV households,naive_48h,0.768064022064209,1.2429157495498657,0.48025649785995483,-0.005181694403290749,0.16186398267745972,0.13165557384490967
non-PV households,mean_same_hour_7d,0.6423048377037048,0.9816558361053467,0.401621550321579,-0.013329807668924332,0.15824639797210693,0.1415058970451355
non-PV households,L0 LightGBM (global),0.5901803759395723,0.9067526041994952,0.3690290817021238,-0.018514009152286633,0.08197383292131855,0.06645645946374408
non-PV households,L1 LightGBM + PV flag,0.5900511694488251,0.9070250132563277,0.3689482912275938,-0.02160666588582029,0.08189349877219179,0.06728552709009539
non-PV households,L1 group models (PV / non-PV),0.5891251057032763,0.9054956343841005,0.36836924036865354,-0.01958668400153244,0.07797801155395813,0.06413816133868945
known-flag PV only,naive_168h (same hour last week),0.866779625415802,1.5487996339797974,0.5938202738761902,-0.017709052190184593,0.25190576910972595,0.2062588781118393
known-flag PV only,naive_48h,0.8400930166244507,1.5366652011871338,0.5755376219749451,-0.0047300648875534534,0.19959589838981628,0.1348605751991272
known-flag PV only,mean_same_hour_7d,0.7074906229972839,1.1989076137542725,0.4846932888031006,-0.011686149053275585,0.19699375331401825,0.1575823575258255
known-flag PV only,L0 LightGBM (global),0.6463343858541981,1.126974895029772,0.4427958994935812,-0.025283965648414744,0.12138210732572419,0.0849716349745218
known-flag PV only,L1 LightGBM + PV flag,0.6450849190580642,1.1242658880362677,0.4419399048474813,-0.022442350626875565,0.11729248673874769,0.08096382116916946
known-flag PV only,L1 group models (PV / non-PV),0.6474515631411043,1.1244700980248643,0.4435612641909826,-0.019568451911074144,0.11963571433670495,0.08510051710085346
known-flag non-PV only,naive_168h (same hour last week),0.8033270239830017,1.2572555541992188,0.48728978633880615,-0.021444251760840416,0.2055548131465912,0.18379640579223633
known-flag non-PV only,naive_48h,0.7833108901977539,1.249341607093811,0.47514820098876953,-0.005654721055179834,0.17085155844688416,0.13733643293380737
known-flag non-PV only,mean_same_hour_7d,0.6565138101577759,0.9924110770225525,0.39823442697525024,-0.014800786972045898,0.16668866574764252,0.1484004706144333
known-flag non-PV only,L0 LightGBM (global),0.5981705279290706,0.9104069193694094,0.36284399033574694,-0.020477852676692013,0.09143204243317801,0.07315733690914267
known-flag non-PV only,L1 LightGBM + PV flag,0.5978886783189886,0.9105985571291537,0.3626730233080822,-0.02350175331998849,0.09133377917855191,0.0736765693526579
known-flag non-PV only,L1 group models (PV / non-PV),0.596712007766698,0.909269724562885,0.36195926724928423,-0.02112269764218926,0.08745916074156392,0.06998042273508641
