month,group,model,n_households,WAPE_household_hour,WAPE_portfolio_hour
1,0,naive_168h (same hour last week),221,0.42580628395080566,0.1680583655834198
1,0,naive_48h,221,0.4146173298358917,0.11971556395292282
1,0,mean_same_hour_7d,221,0.34396031498908997,0.12832309305667877
1,0,L0 LightGBM (global),221,0.3310319364786977,0.09330552003058208
1,0,L1 LightGBM + PV flag,221,0.33061361346473683,0.09345884198104974
1,0,L1 group models (PV / non-PV),221,0.33040648942373935,0.09401426794171133
1,1,naive_168h (same hour last week),180,0.4840768873691559,0.18704502284526825
1,1,naive_48h,180,0.47579318284988403,0.15186795592308044
1,1,mean_same_hour_7d,180,0.394729346036911,0.1474492847919464
1,1,L0 LightGBM (global),180,0.37681533696052055,0.10687958174517309
1,1,L1 LightGBM + PV flag,180,0.3751806560012343,0.10660434159109734
1,1,L1 group models (PV / non-PV),180,0.37888195016108206,0.10372523798874343
2,0,naive_168h (same hour last week),205,0.5031269788742065,0.2616594433784485
2,0,naive_48h,205,0.4518681466579437,0.15717722475528717
2,0,mean_same_hour_7d,205,0.408732146024704,0.20550993084907532
2,0,L0 LightGBM (global),205,0.34954407754582556,0.07665785800021375
2,0,L1 LightGBM + PV flag,205,0.3496551152256618,0.07461250574768247
2,0,L1 group models (PV / non-PV),205,0.34999450367025225,0.07317043886813365
2,1,naive_168h (same hour last week),154,0.5845192670822144,0.2952992618083954
2,1,naive_48h,154,0.5144819021224976,0.17817556858062744
2,1,mean_same_hour_7d,154,0.47503462433815,0.2337813377380371
2,1,L0 LightGBM (global),154,0.4186491670189336,0.11174997613493075
2,1,L1 LightGBM + PV flag,154,0.4154116476652611,0.103057229164573
2,1,L1 group models (PV / non-PV),154,0.42222594030371347,0.11675951123421499
3,0,naive_168h (same hour last week),212,0.566035807132721,0.2747401297092438
3,0,naive_48h,212,0.5391507148742676,0.21926428377628326
3,0,mean_same_hour_7d,212,0.4499572515487671,0.1986503154039383
3,0,L0 LightGBM (global),212,0.3998791199108792,0.08920575251077952
3,0,L1 LightGBM + PV flag,212,0.4007900815917665,0.0884333456382127
3,0,L1 group models (PV / non-PV),212,0.400400347570731,0.08702398494119425
3,1,naive_168h (same hour last week),163,0.651445746421814,0.33575621247291565
3,1,naive_48h,163,0.611158549785614,0.25967952609062195
3,1,mean_same_hour_7d,163,0.526822566986084,0.24612462520599365
3,1,L0 LightGBM (global),163,0.4699977407615925,0.1236423837178397
3,1,L1 LightGBM + PV flag,163,0.46814207101110783,0.1189446747822897
3,1,L1 group models (PV / non-PV),163,0.47168934739325585,0.12101823084307349
4,0,naive_168h (same hour last week),212,0.5652745366096497,0.2051542103290558
4,0,naive_48h,212,0.5626888275146484,0.2078860104084015
4,0,mean_same_hour_7d,212,0.4587554335594177,0.16402915120124817
4,0,L0 LightGBM (global),212,0.4288969358093873,0.08995789937277308
4,0,L1 LightGBM + PV flag,212,0.4289190980868358,0.08874765566399635
4,0,L1 group models (PV / non-PV),212,0.42881784450635657,0.08869750798475272
4,1,naive_168h (same hour last week),167,0.6633380651473999,0.24044156074523926
4,1,naive_48h,167,0.648185133934021,0.2576488256454468
4,1,mean_same_hour_7d,167,0.5400553941726685,0.19431544840335846
4,1,L0 LightGBM (global),167,0.5125481885619796,0.11119979814079466
4,1,L1 LightGBM + PV flag,167,0.5115349365154765,0.1084148852331835
4,1,L1 group models (PV / non-PV),167,0.5155494087239457,0.10983036668521037
5,0,naive_168h (same hour last week),210,0.6456066370010376,0.22849707305431366
5,0,naive_48h,210,0.6159021258354187,0.15538077056407928
5,0,mean_same_hour_7d,210,0.5334438681602478,0.16401313245296478
5,0,L0 LightGBM (global),210,0.497931720548228,0.0907015386314288
5,0,L1 LightGBM + PV flag,210,0.49796170837943426,0.09108284561817688
5,0,L1 group models (PV / non-PV),210,0.4985404490543688,0.08880981950081236
5,1,naive_168h (same hour last week),168,0.7617285847663879,0.28174686431884766
5,1,naive_48h,168,0.717186450958252,0.21557939052581787
5,1,mean_same_hour_7d,168,0.6321730017662048,0.21324914693832397
5,1,L0 LightGBM (global),168,0.5956867880782131,0.13474292077682876
5,1,L1 LightGBM + PV flag,168,0.5953242294575734,0.1324709340378453
5,1,L1 group models (PV / non-PV),168,0.5968508241336027,0.13500932591548484
6,0,naive_168h (same hour last week),209,0.552767276763916,0.08575206995010376
6,0,naive_48h,209,0.5663918852806091,0.10376840084791183
6,0,mean_same_hour_7d,209,0.4810844957828522,0.08095225691795349
6,0,L0 LightGBM (global),209,0.45982166007182557,0.06018249109750259
6,0,L1 LightGBM + PV flag,209,0.45828333566112267,0.05867756038949491
6,0,L1 group models (PV / non-PV),209,0.4563238865052805,0.05739893039729643
6,1,naive_168h (same hour last week),169,0.6446314454078674,0.13340424001216888
6,1,naive_48h,169,0.6279691457748413,0.1410977840423584
6,1,mean_same_hour_7d,169,0.5523078441619873,0.10792642831802368
6,1,L0 LightGBM (global),169,0.5260778238814859,0.09964120215694133
6,1,L1 LightGBM + PV flag,169,0.5261055885918362,0.09640338005677089
6,1,L1 group models (PV / non-PV),169,0.5323894398446618,0.09630426651132348
7,0,naive_168h (same hour last week),216,0.5431212782859802,0.07899800688028336
7,0,naive_48h,216,0.5634763836860657,0.1086849495768547
7,0,mean_same_hour_7d,216,0.47957155108451843,0.07589345425367355
7,0,L0 LightGBM (global),216,0.4620219153685239,0.05848139742638432
7,0,L1 LightGBM + PV flag,216,0.4603776477630394,0.05808503096293722
7,0,L1 group models (PV / non-PV),216,0.4583533569636114,0.056960433628064806
7,1,naive_168h (same hour last week),170,0.6862192153930664,0.16677206754684448
7,1,naive_48h,170,0.6710420846939087,0.17761948704719543
7,1,mean_same_hour_7d,170,0.5939490795135498,0.1413082778453827
7,1,L0 LightGBM (global),170,0.569087246129184,0.11643846786295121
7,1,L1 LightGBM + PV flag,170,0.5719247561653255,0.11339074940529686
7,1,L1 group models (PV / non-PV),170,0.5854544000206338,0.11586120678769224
8,0,naive_168h (same hour last week),218,0.5649749636650085,0.11868125945329666
8,0,naive_48h,218,0.5711540579795837,0.12159315496683121
8,0,mean_same_hour_7d,218,0.4871599078178406,0.10261084139347076
8,0,L0 LightGBM (global),218,0.4752664338646788,0.0674332984834323
8,0,L1 LightGBM + PV flag,218,0.4748327031839742,0.06680959984731127
8,0,L1 group models (PV / non-PV),218,0.4744709886451389,0.06587492149515228
8,1,naive_168h (same hour last week),171,0.6911396980285645,0.2090870887041092
8,1,naive_48h,171,0.6772065758705139,0.18756456673145294
8,1,mean_same_hour_7d,171,0.5893257856369019,0.16680434346199036
8,1,L0 LightGBM (global),171,0.5774078362983078,0.12185062077184079
8,1,L1 LightGBM + PV flag,171,0.5803568288084018,0.11588582452331635
8,1,L1 group models (PV / non-PV),171,0.5813657366160027,0.1195565998516428
9,0,naive_168h (same hour last week),215,0.5629271268844604,0.1274266093969345
9,0,naive_48h,215,0.5719062685966492,0.11616452038288116
9,0,mean_same_hour_7d,215,0.49171364307403564,0.10776269435882568
9,0,L0 LightGBM (global),215,0.47268344019299124,0.06239042163866424
9,0,L1 LightGBM + PV flag,215,0.47142975177435975,0.06169085670789957
9,0,L1 group models (PV / non-PV),215,0.4737673546323008,0.06026014570044286
9,1,naive_168h (same hour last week),170,0.699952244758606,0.20731981098651886
9,1,naive_48h,170,0.6725712418556213,0.16440029442310333
9,1,mean_same_hour_7d,170,0.5998630523681641,0.1633123904466629
9,1,L0 LightGBM (global),170,0.5711353356749816,0.10446455956919282
9,1,L1 LightGBM + PV flag,170,0.5726639298252393,0.10071449276973943
9,1,L1 group models (PV / non-PV),170,0.5774730526881872,0.10489145771104848
10,0,naive_168h (same hour last week),214,0.5995559692382812,0.19308102130889893
10,0,naive_48h,214,0.5958280563354492,0.1533123403787613
10,0,mean_same_hour_7d,214,0.5017561912536621,0.1447691172361374
10,0,L0 LightGBM (global),214,0.48000630255586374,0.09551492869585929
10,0,L1 LightGBM + PV flag,214,0.47757877396323245,0.09794970961364251
10,0,L1 group models (PV / non-PV),214,0.47839177513355113,0.09526602645659195
10,1,naive_168h (same hour last week),172,0.7062100768089294,0.24896883964538574
10,1,naive_48h,172,0.7034479379653931,0.19667191803455353
10,1,mean_same_hour_7d,172,0.5928156971931458,0.18170447647571564
10,1,L0 LightGBM (global),172,0.5664343247446341,0.1385815705222362
10,1,L1 LightGBM + PV flag,172,0.5656859893510309,0.1363197096606987
10,1,L1 group models (PV / non-PV),172,0.5669623171750636,0.1369139109962536
11,0,naive_168h (same hour last week),213,0.4827119708061218,0.17560023069381714
11,0,naive_48h,213,0.4855392277240753,0.16050802171230316
11,0,mean_same_hour_7d,213,0.39518827199935913,0.1475367248058319
11,0,L0 LightGBM (global),213,0.3812636491569702,0.07993090509402055
11,0,L1 LightGBM + PV flag,213,0.38128112921127527,0.08105667922709896
11,0,L1 group models (PV / non-PV),213,0.3801244092927924,0.07633441179631419
11,1,naive_168h (same hour last week),174,0.5490578413009644,0.19517749547958374
11,1,naive_48h,174,0.5583755373954773,0.18900291621685028
11,1,mean_same_hour_7d,174,0.4506472051143646,0.16577906906604767
11,1,L0 LightGBM (global),174,0.43063851627439953,0.10530859805544027
11,1,L1 LightGBM + PV flag,174,0.43207703551048304,0.10061677914845202
11,1,L1 group models (PV / non-PV),174,0.435089402000704,0.09587963030866553
12,0,naive_168h (same hour last week),214,0.4746571183204651,0.2050076276063919
12,0,naive_48h,214,0.4565269351005554,0.1623065024614334
12,0,mean_same_hour_7d,214,0.38716381788253784,0.16671563684940338
12,0,L0 LightGBM (global),214,0.3501137407206676,0.08282969243411184
12,0,L1 LightGBM + PV flag,214,0.34909284330723067,0.07940148525716552
12,0,L1 group models (PV / non-PV),214,0.34837375729332576,0.07576042675366093
12,1,naive_168h (same hour last week),176,0.5484381914138794,0.24272698163986206
12,1,naive_48h,176,0.5248008966445923,0.181263729929924
12,1,mean_same_hour_7d,176,0.4452455937862396,0.1848059445619583
12,1,L0 LightGBM (global),176,0.4007938376426879,0.0984905226036651
12,1,L1 LightGBM + PV flag,176,0.4012529216005834,0.09620615639594426
12,1,L1 group models (PV / non-PV),176,0.4046800043913043,0.09305091221201649
1,all,naive_168h (same hour last week),401,0.45077264308929443,0.17253153026103973
1,all,naive_48h,401,0.44082847237586975,0.12866656482219696
1,all,mean_same_hour_7d,401,0.36571258306503296,0.13256123661994934
1,all,L0 LightGBM (global),401,0.35064806363693224,0.09448148340105719
1,all,L1 LightGBM + PV flag,401,0.34970858597140925,0.09498859010368318
1,all,L1 group models (PV / non-PV),401,0.35117604327667457,0.09355192641282492
2,all,naive_168h (same hour last week),359,0.5353748202323914,0.27109578251838684
2,all,naive_48h,359,0.4766758978366852,0.1596926748752594
2,all,mean_same_hour_7d,359,0.435001403093338,0.21303343772888184
2,all,L0 LightGBM (global),359,0.3769237143611537,0.0854178798603657
2,all,L1 LightGBM + PV flag,359,0.37570804403537245,0.08103695475631802
2,all,L1 group models (PV / non-PV),359,0.37861280829516925,0.08607593216242955
3,all,naive_168h (same hour last week),375,0.5987352132797241,0.29399749636650085
3,all,naive_48h,375,0.566719114780426,0.22901852428913116
3,all,mean_same_hour_7d,375,0.4793853163719177,0.21422578394412994
3,all,L0 LightGBM (global),375,0.42672422188080966,0.09578123590604798
3,all,L1 LightGBM + PV flag,375,0.42657597130128294,0.09459193690858861
3,all,L1 group models (PV / non-PV),375,0.4276935322676255,0.09535217302258979
4,all,naive_168h (same hour last week),379,0.6017003655433655,0.21267716586589813
4,all,naive_48h,379,0.5944465398788452,0.2203930765390396
4,all,mean_same_hour_7d,379,0.4889543354511261,0.17029684782028198
4,all,L0 LightGBM (global),379,0.4599692472642775,0.08989564633166834
4,all,L1 LightGBM + PV flag,379,0.4596068044865696,0.08886846497573701
4,all,L1 group models (PV / non-PV),379,0.4610343388577227,0.0907010551423722
5,all,naive_168h (same hour last week),378,0.6889606714248657,0.24144749343395233
5,all,naive_48h,378,0.653716504573822,0.1691330224275589
5,all,mean_same_hour_7d,378,0.570304274559021,0.17526188492774963
5,all,L0 LightGBM (global),378,0.534428451400985,0.09759717357329943
5,all,L1 LightGBM + PV flag,378,0.5343118825823143,0.09789721703407574
5,all,L1 group models (PV / non-PV),378,0.5352445032001991,0.09723066461030472
6,all,naive_168h (same hour last week),378,0.5858144164085388,0.08414524048566818
6,all,naive_48h,378,0.5885435938835144,0.10267800837755203
6,all,mean_same_hour_7d,378,0.5067062973976135,0.07917959243059158
6,all,L0 LightGBM (global),378,0.4836565531633795,0.06019075546017346
6,all,L1 LightGBM + PV flag,378,0.48268161067999243,0.05893389962559523
6,all,L1 group models (PV / non-PV),378,0.483687591073852,0.05838986747708993
7,all,naive_168h (same hour last week),386,0.5948032736778259,0.08883171528577805
7,all,naive_48h,386,0.6023253798484802,0.11442869901657104
7,all,mean_same_hour_7d,386,0.5208807587623596,0.08397088944911957
7,all,L0 LightGBM (global),386,0.5006902190883686,0.06300535069374447
7,all,L1 LightGBM + PV flag,386,0.5006646149458366,0.06204011394330117
7,all,L1 group models (PV / non-PV),386,0.5042578687333904,0.06209711554753431
8,all,naive_168h (same hour last week),389,0.611075758934021,0.13833366334438324
8,all,naive_48h,389,0.6099058389663696,0.13271409273147583
8,all,mean_same_hour_7d,389,0.5244914889335632,0.1167483925819397
8,all,L0 LightGBM (global),389,0.5125890685775694,0.07396467873129106
8,all,L1 LightGBM + PV flag,389,0.513391391538035,0.0719254791313694
8,all,L1 group models (PV / non-PV),389,0.5135305050860602,0.072896954044298
9,all,naive_168h (same hour last week),385,0.6143452525138855,0.14530698955059052
9,all,naive_48h,385,0.6096804141998291,0.1173458844423294
9,all,mean_same_hour_7d,385,0.5322962403297424,0.11796960979700089
9,all,L0 LightGBM (global),385,0.509627101437592,0.06290318299733942
9,all,L1 LightGBM + PV flag,385,0.5094174528945626,0.06258532770601563
9,all,L1 group models (PV / non-PV),385,0.512682483278172,0.06254056990219437
10,all,naive_168h (same hour last week),386,0.642143964767456,0.20562677085399628
10,all,naive_48h,386,0.6388016939163208,0.1559060662984848
10,all,mean_same_hour_7d,386,0.5381171107292175,0.15261580049991608
10,all,L0 LightGBM (global),386,0.514517863729122,0.10082714457248121
10,all,L1 LightGBM + PV flag,386,0.5127608535325198,0.10358049885592276
10,all,L1 group models (PV / non-PV),386,0.5137588656026358,0.10119688165837441
11,all,naive_168h (same hour last week),387,0.510539174079895,0.17682981491088867
11,all,naive_48h,387,0.5160887241363525,0.16578875482082367
11,all,mean_same_hour_7d,387,0.4184492230415344,0.15011872351169586
11,all,L0 LightGBM (global),387,0.4019727975995139,0.08237349746503653
11,all,L1 LightGBM + PV flag,387,0.4025862993237393,0.0822572845113076
11,all,L1 group models (PV / non-PV),387,0.4031782052065896,0.07695165608077895
12,all,naive_168h (same hour last week),390,0.506585955619812,0.21767094731330872
12,all,naive_48h,390,0.4860726296901703,0.1638479083776474
12,all,mean_same_hour_7d,390,0.4122987985610962,0.17075955867767334
12,all,L0 LightGBM (global),390,0.3720456394728306,0.08008061869196474
12,all,L1 LightGBM + PV flag,390,0.3716652058711114,0.07835195979973693
12,all,L1 group models (PV / non-PV),390,0.37274037978137936,0.07519705068781547
