Household_ID,pv_known,pv_prob,pv_final,pv_source
7046666,1.0,0.5219214285714285,1.0,known_flag
120461,,0.4656452380952381,0.0,inferred
111651,,0.5182142857142854,1.0,inferred
988311,1.0,,1.0,known_flag
716869,0.0,0.09563333333333335,0.0,known_flag
1001121,,0.36487857142857144,0.0,inferred
466710,,0.28210476190476197,0.0,inferred
1223661,,0.16231428571428572,0.0,inferred
1228100,1.0,,1.0,known_flag
669010,0.0,0.24523095238095233,0.0,known_flag
771036,,0.5871380952380952,1.0,inferred
1088228,,0.11055952380952383,0.0,inferred
9981041,1.0,0.9733333333333334,1.0,known_flag
122108,,0.469195238095238,0.0,inferred
108511,0.0,0.09488095238095239,0.0,known_flag
1101068,1.0,1.0,1.0,known_flag
119117,1.0,0.996,1.0,known_flag
841211,1.0,0.6781047619047619,1.0,known_flag
118708,0.0,0.04384285714285714,0.0,known_flag
108757,,0.9984,1.0,inferred
826780,1.0,0.6097761904761906,1.0,known_flag
654611,1.0,0.7129857142857139,1.0,known_flag
1147810,,0.6059968253968252,1.0,inferred
816910,0.0,0.2512349206349206,0.0,known_flag
109111,,0.2734547619047619,0.0,inferred
688411,,0.3261880952380952,0.0,inferred
767371,0.0,0.29654761904761906,0.0,known_flag
103721,0.0,0.39821428571428574,0.0,known_flag
119122,1.0,0.9927999999999998,1.0,known_flag
582662,,0.3363539682539684,0.0,inferred
1038167,1.0,0.925052380952381,1.0,known_flag
8910784,,0.18277777777777776,0.0,inferred
1066796,1.0,0.9931666666666666,1.0,known_flag
1197401,,0.4215912698412697,0.0,inferred
727690,0.0,0.7452238095238098,0.0,known_flag
1211151,1.0,0.9802000000000001,1.0,known_flag
7710710,,0.24203809523809525,0.0,inferred
105210,,0.680515873015873,1.0,inferred
117105,,0.5335142857142858,1.0,inferred
121778,,0.2468999999999999,0.0,inferred
1199104,,0.36391904761904775,0.0,inferred
888888,,0.26744285714285715,0.0,inferred
1121071,1.0,0.5415071428571427,1.0,known_flag
861116,1.0,0.33671428571428574,1.0,known_flag
812183,,0.16499999999999998,0.0,inferred
466866,,0.26681955266955265,0.0,inferred
108849,1.0,,1.0,known_flag
112691,1.0,0.40685,1.0,known_flag
467969,1.0,0.9973,1.0,known_flag
481791,,0.9206285714285715,1.0,inferred
760117,0.0,0.39161428571428586,0.0,known_flag
887911,,0.07956666666666666,0.0,inferred
851017,1.0,0.944,1.0,known_flag
109107,,0.1499285714285714,0.0,inferred
119781,,0.6678619047619048,1.0,inferred
741169,,0.24407142857142852,0.0,inferred
8280779,0.0,0.12672380952380954,0.0,known_flag
1073767,,0.15656428571428574,0.0,inferred
897237,1.0,0.4726142857142856,1.0,known_flag
5845834,0.0,0.7329857142857145,0.0,known_flag
116977,1.0,0.5445023809523809,1.0,known_flag
109073,,0.43291190476190483,0.0,inferred
469790,,0.2560753968253969,0.0,inferred
680861,0.0,0.055600000000000004,0.0,known_flag
102106,,0.6098000000000001,1.0,inferred
828110,,0.22721320346320342,0.0,inferred
897410,,0.09026666666666665,0.0,inferred
868122,0.0,0.5495658008658009,0.0,known_flag
116310,1.0,0.9875999999999999,1.0,known_flag
109104,0.0,0.22414740259740262,0.0,known_flag
10266,,0.733366666666667,1.0,inferred
711910,1.0,0.994,1.0,known_flag
847678,1.0,1.0,1.0,known_flag
811080,0.0,0.1583888888888889,0.0,known_flag
984977,1.0,0.9951666666666666,1.0,known_flag
106310,,0.5350666666666664,1.0,inferred
7411491,0.0,0.21618333333333334,0.0,known_flag
872117,1.0,0.6172928571428569,1.0,known_flag
759747,1.0,0.9903333333333334,1.0,known_flag
109879,1.0,0.259747619047619,1.0,known_flag
812127,1.0,0.8465301587301589,1.0,known_flag
841184,,0.7126761904761907,1.0,inferred
7437311,,0.06642857142857143,0.0,inferred
118114,,0.9826285714285714,1.0,inferred
1111201,1.0,0.9995,1.0,known_flag
727576,,1.0,1.0,inferred
1151067,,0.3152714285714286,0.0,inferred
731201,,0.059466666666666675,0.0,inferred
8087988,0.0,0.1488047619047619,0.0,known_flag
116117,1.0,1.0,1.0,known_flag
8061051,,0.306309523809524,0.0,inferred
747510,,0.1489,0.0,inferred
1141091,1.0,0.0546,1.0,known_flag
419075,1.0,0.9728333333333333,1.0,known_flag
108927,,0.41745634920634944,0.0,inferred
7873107,,0.14328333333333337,0.0,inferred
1141141,1.0,1.0,1.0,known_flag
7374981,1.0,0.2816238095238095,1.0,known_flag
6885841,0.0,0.497604761904762,0.0,known_flag
190821,1.0,0.8559666666666667,1.0,known_flag
751078,,0.2384571428571429,0.0,inferred
6981151,0.0,0.03283333333333333,0.0,known_flag
768078,,0.5365404761904761,1.0,inferred
1006811,,0.9883333333333334,1.0,inferred
9889114,0.0,0.1536,0.0,known_flag
771031,1.0,0.23546666666666663,1.0,known_flag
114798,0.0,0.32377380952380946,0.0,known_flag
3699704,,0.3835190476190476,0.0,inferred
122850,0.0,0.43958333333333327,0.0,known_flag
9776611,0.0,0.23941190476190477,0.0,known_flag
8910987,,0.9264666666666667,1.0,inferred
417510,0.0,0.39129206349206364,0.0,known_flag
808410,1.0,,1.0,known_flag
8410090,,0.0881095238095238,0.0,inferred
768113,1.0,0.11959523809523807,1.0,known_flag
7048688,1.0,0.7074666666666668,1.0,known_flag
107114,0.0,0.05363968253968253,0.0,known_flag
7411010,0.0,0.35028253968253975,0.0,known_flag
468980,0.0,0.34011428571428565,0.0,known_flag
109711,1.0,1.0,1.0,known_flag
1191127,1.0,0.9457238095238095,1.0,known_flag
719010,,0.3650777777777778,0.0,inferred
100120,0.0,0.34807063492063484,0.0,known_flag
850210,,0.08731428571428572,0.0,inferred
865116,1.0,0.999,1.0,known_flag
716890,,0.33281428571428584,0.0,inferred
310610,0.0,0.26339761904761905,0.0,known_flag
751108,0.0,0.3709976190476189,0.0,known_flag
4115111,1.0,0.9963571428571429,1.0,known_flag
821088,0.0,0.19473095238095242,0.0,known_flag
106102,1.0,0.5770690476190478,1.0,known_flag
103991,,0.42288571428571436,0.0,inferred
801031,0.0,0.33745750915750916,0.0,known_flag
113116,1.0,0.7036142857142856,1.0,known_flag
7510211,1.0,0.4507380952380954,1.0,known_flag
676510,,0.1336952380952381,0.0,inferred
461226,1.0,0.8209714285714288,1.0,known_flag
661091,0.0,0.4081253968253967,0.0,known_flag
118117,0.0,0.4319031746031746,0.0,known_flag
658466,0.0,0.12562857142857142,0.0,known_flag
112110,1.0,0.6756277777777775,1.0,known_flag
113817,,0.36970952380952377,0.0,inferred
808112,0.0,0.06233333333333334,0.0,known_flag
728210,1.0,0.6857833333333334,1.0,known_flag
897166,,0.23367142857142856,0.0,inferred
1061168,0.0,0.21811904761904768,0.0,known_flag
778721,0.0,0.3482333333333334,0.0,known_flag
108987,0.0,0.5491214285714285,0.0,known_flag
112810,1.0,0.22960476190476192,1.0,known_flag
1171127,1.0,0.9921333333333333,1.0,known_flag
107461,0.0,0.14605238095238093,0.0,known_flag
1158778,1.0,0.7517357142857143,1.0,known_flag
971044,,0.11132380952380953,0.0,inferred
7099511,0.0,0.8100142857142857,0.0,known_flag
861151,,0.27546666666666675,0.0,inferred
9889190,0.0,0.2698857142857143,0.0,known_flag
8566105,,0.26326428571428573,0.0,inferred
1118211,1.0,0.9948333333333333,1.0,known_flag
8112146,,0.46497857142857124,0.0,inferred
610891,0.0,0.12243846153846155,0.0,known_flag
110411,,0.1659142857142857,0.0,inferred
103724,1.0,1.0,1.0,known_flag
120901,,0.277852380952381,0.0,inferred
7412010,,0.21873809523809515,0.0,inferred
712718,1.0,0.3554047619047619,1.0,known_flag
105461,1.0,0.9927333333333334,1.0,known_flag
1193858,,0.14445555555555553,0.0,inferred
781099,0.0,0.0682,0.0,known_flag
1079731,,0.37975000000000003,0.0,inferred
788488,0.0,0.2584047619047618,0.0,known_flag
1159664,0.0,0.23715476190476195,0.0,known_flag
678103,1.0,0.733147619047619,1.0,known_flag
841087,1.0,0.9745,1.0,known_flag
884673,,0.33103571428571427,0.0,inferred
761118,1.0,0.7626999999999999,1.0,known_flag
987611,,0.18934999999999994,0.0,inferred
1081057,0.0,0.14223333333333335,0.0,known_flag
5769106,0.0,0.4333476190476189,0.0,known_flag
7474976,1.0,0.14136825396825398,1.0,known_flag
2887690,,0.09941428571428572,0.0,inferred
817178,1.0,0.13514285714285715,1.0,known_flag
1061228,1.0,0.2474714285714286,1.0,known_flag
807356,1.0,0.993368181818182,1.0,known_flag
101797,,0.6457428571428572,1.0,inferred
8673111,,0.11546349206349206,0.0,inferred
1075697,,0.24386666666666668,0.0,inferred
1191088,1.0,0.9907015151515152,1.0,known_flag
8190108,0.0,0.5886095238095237,0.0,known_flag
461158,0.0,0.5058285714285716,0.0,known_flag
1007079,,0.12922857142857144,0.0,inferred
879894,,0.9578666666666665,1.0,inferred
991158,1.0,0.9732666666666667,1.0,known_flag
7286748,1.0,0.9794666666666668,1.0,known_flag
815461,1.0,0.6437634920634923,1.0,known_flag
1001228,0.0,0.1781119047619048,0.0,known_flag
708499,,0.4067476190476191,0.0,inferred
8681127,,0.48288412698412697,0.0,inferred
106109,,0.15851825396825395,0.0,inferred
107719,1.0,0.9500349206349206,1.0,known_flag
710210,,0.3849857142857143,0.0,inferred
721074,0.0,0.5482857142857143,0.0,known_flag
1091217,0.0,0.07590000000000001,0.0,known_flag
1001188,,0.9929666666666666,1.0,inferred
7771161,0.0,0.04613333333333333,0.0,known_flag
7011879,,0.12771190476190478,0.0,inferred
708210,,0.3893714285714286,0.0,inferred
757271,0.0,0.3570190476190476,0.0,known_flag
838351,,0.3282301587301586,0.0,inferred
9711086,,0.4604714285714284,0.0,inferred
8312167,,0.3562761904761904,0.0,inferred
851058,1.0,0.9962000000000001,1.0,known_flag
117010,,0.23392380952380953,0.0,inferred
110810,1.0,0.5125761904761904,1.0,known_flag
679810,0.0,0.46890476190476205,0.0,known_flag
810510,1.0,0.35887857142857155,1.0,known_flag
106691,,0.6149761904761905,1.0,inferred
111387,,0.28702142857142854,0.0,inferred
106841,,0.5208492063492062,1.0,inferred
611610,1.0,1.0,1.0,known_flag
7211010,1.0,0.9675333333333335,1.0,known_flag
856765,,0.21123492063492064,0.0,inferred
121046,,0.16544444444444442,0.0,inferred
2794690,0.0,0.07983333333333333,0.0,known_flag
113987,,0.626913492063492,1.0,inferred
688310,,0.6057476190476192,1.0,inferred
796869,0.0,0.09101428571428569,0.0,known_flag
104118,0.0,0.48447777777777773,0.0,known_flag
512280,0.0,0.06443333333333334,0.0,known_flag
119498,0.0,0.07511428571428572,0.0,known_flag
1071058,0.0,0.12836666666666668,0.0,known_flag
1041141,,0.2618452380952381,0.0,inferred
468646,0.0,0.13393846153846156,0.0,known_flag
908510,1.0,0.6184428571428573,1.0,known_flag
7747482,0.0,0.440611111111111,0.0,known_flag
970807,,0.2505587301587302,0.0,inferred
847111,1.0,0.9202619047619051,1.0,known_flag
8985109,1.0,0.3452928571428571,1.0,known_flag
1214111,,0.40225476190476184,0.0,inferred
689878,,0.23684920634920628,0.0,inferred
119461,,0.9655666666666669,1.0,inferred
1056907,,0.1844333333333333,0.0,inferred
461101,1.0,,1.0,known_flag
114677,1.0,0.9432206349206349,1.0,known_flag
279461,1.0,0.46297142857142887,1.0,known_flag
8773113,0.0,0.2753285714285714,0.0,known_flag
102310,,0.12276666666666666,0.0,inferred
761079,0.0,0.4254523809523809,0.0,known_flag
7710511,0.0,0.229265873015873,0.0,known_flag
7811599,1.0,1.0,1.0,known_flag
100105,1.0,0.9957777777777779,1.0,known_flag
1101186,,0.999,1.0,inferred
7612088,,0.14313333333333328,0.0,inferred
847480,1.0,0.9887333333333334,1.0,known_flag
676890,,0.3886714285714286,0.0,inferred
878751,1.0,0.9486904761904763,1.0,known_flag
4911611,,0.3441190476190476,0.0,inferred
738870,,0.19703809523809523,0.0,inferred
105697,,0.28985238095238086,0.0,inferred
671781,0.0,0.04906666666666666,0.0,known_flag
1011091,,0.08129523809523809,0.0,inferred
9097838,1.0,0.17450952380952386,1.0,known_flag
8079897,,0.2088595238095238,0.0,inferred
8612210,1.0,0.9616,1.0,known_flag
7179878,,0.2939031746031747,0.0,inferred
114671,,0.34411666666666674,0.0,inferred
120701,1.0,0.6646920634920639,1.0,known_flag
971071,0.0,0.014733333333333333,0.0,known_flag
801209,,0.2675714285714285,0.0,inferred
1078861,1.0,0.9983809523809524,1.0,known_flag
7086681,0.0,0.10575238095238093,0.0,known_flag
9812028,,0.4583047619047618,0.0,inferred
102119,1.0,0.998,1.0,known_flag
6697809,1.0,0.9983333333333334,1.0,known_flag
461104,0.0,0.39396349206349196,0.0,known_flag
114721,0.0,0.13499047619047616,0.0,known_flag
971151,,0.2344809523809524,0.0,inferred
859770,,0.652026984126984,1.0,inferred
8611772,1.0,0.4900658008658008,1.0,known_flag
111119,0.0,0.17367619047619057,0.0,known_flag
114104,,0.16429285714285713,0.0,inferred
461089,0.0,0.4557047619047618,0.0,known_flag
1009851,,0.27798095238095233,0.0,inferred
997610,,0.4072428571428571,0.0,inferred
9073879,0.0,,0.0,known_flag
1141047,1.0,0.6494857142857141,1.0,known_flag
7873786,1.0,1.0,1.0,known_flag
4710670,1.0,0.5290333333333334,1.0,known_flag
105807,0.0,0.060919047619047616,0.0,known_flag
1057211,1.0,0.32074047619047624,1.0,known_flag
8611610,,0.3316817460317461,0.0,inferred
5831058,0.0,0.20817619047619046,0.0,known_flag
8111796,,0.40065000000000006,0.0,inferred
8272971,,0.42764285714285705,0.0,inferred
688105,1.0,,1.0,known_flag
121701,,0.0703142857142857,0.0,inferred
114119,,0.35184999999999983,0.0,inferred
991118,0.0,0.14034285714285719,0.0,known_flag
725101,1.0,0.26855952380952375,1.0,known_flag
121887,0.0,0.23363809523809523,0.0,known_flag
881223,0.0,0.4679952380952381,0.0,known_flag
8701118,,0.32878809523809516,0.0,inferred
781011,,0.49791507936507945,0.0,inferred
128268,,0.12222380952380953,0.0,inferred
9115910,,0.07686190476190477,0.0,inferred
105714,0.0,0.07016666666666665,0.0,known_flag
121876,,0.5421714285714285,1.0,inferred
717486,1.0,,1.0,known_flag
311110,,0.0638,0.0,inferred
105113,,0.5579666666666665,1.0,inferred
111901,0.0,0.4870761904761906,0.0,known_flag
1017510,1.0,1.0,1.0,known_flag
105900,0.0,0.14857857142857145,0.0,known_flag
697998,1.0,1.0,1.0,known_flag
966771,,0.22836111111111113,0.0,inferred
8478885,,0.10551904761904761,0.0,inferred
1228211,1.0,0.013999999999999999,1.0,known_flag
8971777,,0.3053309523809523,0.0,inferred
7679818,1.0,0.9813515151515151,1.0,known_flag
116121,0.0,0.033719047619047614,0.0,known_flag
8212283,1.0,0.998,1.0,known_flag
508846,1.0,0.9704333333333333,1.0,known_flag
8399121,0.0,0.1980904761904762,0.0,known_flag
106100,0.0,0.211302380952381,0.0,known_flag
114810,,0.9883,1.0,inferred
298120,1.0,0.08176666666666667,1.0,known_flag
721077,0.0,0.2728095238095239,0.0,known_flag
4675977,,0.1903047619047619,0.0,inferred
1101151,1.0,0.1824119047619048,1.0,known_flag
382698,1.0,0.4356690476190476,1.0,known_flag
7906883,1.0,0.9809904761904761,1.0,known_flag
7846661,,0.24176587301587307,0.0,inferred
7115691,1.0,0.998,1.0,known_flag
827183,,0.47719047619047616,0.0,inferred
6773102,0.0,0.3389714285714286,0.0,known_flag
700484,,0.46644444444444444,0.0,inferred
995696,,0.23822619047619045,0.0,inferred
9816877,1.0,0.6375809523809522,1.0,known_flag
683654,,0.07726666666666666,0.0,inferred
118101,1.0,1.0,1.0,known_flag
677172,1.0,0.9697095238095237,1.0,known_flag
6512274,1.0,0.6819380952380955,1.0,known_flag
1090081,,0.3293166666666667,0.0,inferred
1020729,,0.3266428571428571,0.0,inferred
112120,1.0,0.3174000000000001,1.0,known_flag
1191021,0.0,0.29915238095238095,0.0,known_flag
611629,1.0,0.40929999999999983,1.0,known_flag
6808461,0.0,0.5095206349206349,0.0,known_flag
1101758,0.0,0.34225873015872993,0.0,known_flag
477661,1.0,0.3323539682539682,1.0,known_flag
7569701,,0.5394047619047619,1.0,inferred
1015877,1.0,0.996,1.0,known_flag
7211375,,0.07471587301587301,0.0,inferred
108100,,0.4259571428571427,0.0,inferred
6569121,,0.24168253968253964,0.0,inferred
103119,,0.999,1.0,inferred
706817,0.0,0.28419999999999984,0.0,known_flag
7710311,1.0,1.0,1.0,known_flag
8010411,0.0,0.14932380952380953,0.0,known_flag
9011578,,0.19676190476190475,0.0,inferred
114791,,0.3091238095238095,0.0,inferred
684461,,0.34022142857142856,0.0,inferred
120912,0.0,0.6535714285714284,0.0,known_flag
6577811,,0.14197619047619042,0.0,inferred
7878467,1.0,0.9498666666666666,1.0,known_flag
1061006,,0.2699873015873016,0.0,inferred
120871,1.0,0.5716000000000001,1.0,known_flag
1111228,,0.28541111111111106,0.0,inferred
856810,1.0,0.9986666666666667,1.0,known_flag
858577,0.0,0.4577047619047619,0.0,known_flag
120741,0.0,0.12945714285714285,0.0,known_flag
1218377,1.0,0.9802666666666667,1.0,known_flag
1148611,1.0,0.9735333333333334,1.0,known_flag
738311,,0.14442063492063492,0.0,inferred
287100,,0.36098333333333354,0.0,inferred
7146661,0.0,0.3434119047619047,0.0,known_flag
7211189,0.0,0.22109285714285715,0.0,known_flag
8877761,1.0,0.3650333333333333,1.0,known_flag
901207,,0.7935999999999998,1.0,inferred
109677,,0.3152714285714287,0.0,inferred
1121081,1.0,0.6430333333333336,1.0,known_flag
775840,,0.2116666666666667,0.0,inferred
1037610,0.0,0.5594738095238094,0.0,known_flag
876790,0.0,0.23986666666666662,0.0,known_flag
112122,1.0,0.9761333333333333,1.0,known_flag
110766,,0.2411333333333333,0.0,inferred
122887,0.0,0.12379841269841271,0.0,known_flag
681103,,0.29606825396825415,0.0,inferred
828710,1.0,1.0,1.0,known_flag
7810010,1.0,0.9658666666666667,1.0,known_flag
1228011,0.0,0.5047142857142856,0.0,known_flag
108798,1.0,0.9696999999999998,1.0,known_flag
691171,1.0,0.6623333333333332,1.0,known_flag
6901131,0.0,0.14387142857142857,0.0,known_flag
823761,0.0,0.1344095238095238,0.0,known_flag
7069411,0.0,0.19663333333333333,0.0,known_flag
5102111,,0.1720833333333333,0.0,inferred
7984107,0.0,0.2577619047619047,0.0,known_flag
1137376,0.0,0.4482880952380954,0.0,known_flag
801001,,0.11556666666666666,0.0,inferred
121728,0.0,0.3555706349206349,0.0,known_flag
1019970,0.0,0.13069999999999998,0.0,known_flag
119816,,0.141152380952381,0.0,inferred
9970781,,0.07055,0.0,inferred
106791,1.0,0.7240428571428572,1.0,known_flag
1037311,0.0,0.12881428571428571,0.0,known_flag
122671,0.0,0.028999999999999995,0.0,known_flag
