model,feature,importance
lightgbm_bottom_up,lag_1,110.0
lightgbm_bottom_up,lag_4,98.0
lightgbm_bottom_up,lag_96,107.0
lightgbm_bottom_up,lag_192,57.0
lightgbm_bottom_up,lag_672,63.0
lightgbm_bottom_up,quarter_hour,9.0
lightgbm_bottom_up,hour,275.0
lightgbm_bottom_up,weekday,0.0
lightgbm_bottom_up,weekend,0.0
lightgbm_bottom_up,month,74.0
lightgbm_bottom_up,season,70.0
lightgbm_bottom_up,static_0,94.0
lightgbm_bottom_up,static_1,61.0
lightgbm_bottom_up,static_2,4.0
lightgbm_bottom_up,static_3,3.0
lightgbm_bottom_up,static_4,119.0
lightgbm_bottom_up,static_5,36.0
lightgbm_bottom_up,static_6,20.0
lightgbm_oracle_bottom_up,lag_1,102.0
lightgbm_oracle_bottom_up,lag_4,104.0
lightgbm_oracle_bottom_up,lag_96,81.0
lightgbm_oracle_bottom_up,lag_192,71.0
lightgbm_oracle_bottom_up,lag_672,67.0
lightgbm_oracle_bottom_up,quarter_hour,7.0
lightgbm_oracle_bottom_up,hour,191.0
lightgbm_oracle_bottom_up,weekday,0.0
lightgbm_oracle_bottom_up,weekend,0.0
lightgbm_oracle_bottom_up,month,4.0
lightgbm_oracle_bottom_up,season,12.0
lightgbm_oracle_bottom_up,static_0,129.0
lightgbm_oracle_bottom_up,static_1,55.0
lightgbm_oracle_bottom_up,static_2,9.0
lightgbm_oracle_bottom_up,static_3,5.0
lightgbm_oracle_bottom_up,static_4,144.0
lightgbm_oracle_bottom_up,static_5,43.0
lightgbm_oracle_bottom_up,static_6,21.0
lightgbm_oracle_bottom_up,weather_temperature,66.0
lightgbm_oracle_bottom_up,weather_humidity,2.0
lightgbm_oracle_bottom_up,weather_sunshine,51.0
lightgbm_oracle_bottom_up,weather_precipitation,0.0
lightgbm_oracle_bottom_up,weather_wind,0.0
lightgbm_oracle_bottom_up,weather_heating_degree,36.0
lightgbm_direct,lag_1,234.0
lightgbm_direct,lag_4,170.0
lightgbm_direct,lag_96,114.0
lightgbm_direct,lag_192,106.0
lightgbm_direct,lag_672,95.0
lightgbm_direct,quarter_hour,20.0
lightgbm_direct,hour,362.0
lightgbm_direct,weekday,0.0
lightgbm_direct,weekend,0.0
lightgbm_direct,month,47.0
lightgbm_direct,season,41.0
