Household_ID,K1,K2,K3,K4,K5,K6,HasPV,Weather_ID
1001188,1,2,3,4,4,5,,8jB
100120,1,2,1,1,1,1,0.0,8jB
1001228,1,1,2,3,2,3,0.0,z6I
1007079,1,1,2,3,2,3,,8jB
1009851,1,1,1,2,2,2,,Hg
1011091,1,1,2,1,2,2,,8jB
1015877,1,2,3,4,4,5,1.0,8jB
1017510,1,2,3,4,4,5,1.0,Hg
1019970,1,1,2,3,5,6,0.0,Hg
1020729,1,1,2,3,5,6,,Hg
102106,1,1,1,1,2,2,,Hg
102119,1,2,3,4,4,5,1.0,8jB
102310,1,1,2,2,3,4,,MqO
10266,1,2,3,4,4,5,,z6I
103119,1,1,1,1,1,1,,Hg
103721,1,1,1,1,1,3,0.0,8jB
103724,1,2,3,4,4,5,1.0,8jB
1037311,1,1,2,1,2,2,0.0,Hg
1037610,1,1,2,3,5,6,0.0,8jB
1038167,1,2,1,2,3,4,1.0,Hg
103991,1,2,1,2,3,4,,z6I
1041141,1,1,1,2,3,4,,8jB
104118,1,1,1,2,3,4,0.0,Hg
105113,1,2,1,2,3,4,,Hg
105210,1,1,2,2,3,6,,8jB
1056907,1,1,1,1,2,2,,Hg
105697,1,1,2,3,2,3,,Hg
105714,1,1,1,2,3,4,0.0,Hg
105807,1,2,1,1,1,1,0.0,8jB
105900,1,2,1,2,3,4,0.0,MqO
106100,1,2,1,2,3,4,0.0,8jB
106102,1,1,1,1,1,1,1.0,8jB
106109,1,2,1,2,3,4,,Hg
1061168,1,1,2,3,5,6,0.0,HbsbG
1061228,1,2,3,4,4,5,1.0,MqO
106310,1,2,1,2,3,4,,sV3mR
1066796,1,1,2,3,2,3,1.0,8jB
106691,1,1,2,3,5,3,,Hg
1071058,1,1,2,1,2,2,0.0,Hg
107114,1,1,1,1,2,3,0.0,Hg
1073767,1,1,1,1,1,1,,8jB
107461,1,2,1,2,3,4,0.0,8jB
1075697,1,1,2,1,1,3,,Hg
1078861,1,2,3,4,4,5,1.0,8jB
1079731,1,1,1,1,1,1,,8jB
108100,1,1,2,1,2,2,,8jB
1081057,1,1,2,3,5,3,0.0,8jB
108511,1,1,1,1,2,2,0.0,Hg
108757,1,2,3,4,4,5,,HbsbG
108798,1,2,3,4,4,5,1.0,wDD
1088228,1,1,2,3,2,3,,8jB
108927,1,1,2,1,1,3,,Hg
108987,1,1,1,1,2,2,0.0,MqO
1090081,1,1,2,3,5,6,,Hg
109104,1,1,1,2,3,4,0.0,Hg
109107,1,1,1,1,1,3,,8jB
109111,1,2,1,1,1,1,,8jB
1091217,1,1,1,1,1,1,0.0,8jB
109711,1,2,3,4,4,5,1.0,8jB
1101068,1,2,3,4,4,5,1.0,8jB
1101186,1,2,3,4,4,5,,Hg
1101758,1,1,1,1,2,2,0.0,Hg
110411,1,1,2,3,2,2,,Hg
110766,1,2,1,1,1,1,,8jB
111119,1,1,1,1,1,1,0.0,Hg
1111201,1,2,3,4,4,5,1.0,8jB
1111228,1,1,2,3,5,6,,8jB
111387,1,1,2,1,2,3,,8jB
111651,1,2,1,2,3,4,,Hg
1118211,1,1,1,1,2,2,1.0,Hg
1121071,1,1,2,3,5,6,1.0,8jB
1121081,1,2,3,4,4,5,1.0,8jB
112120,1,1,2,1,2,3,1.0,8jB
112122,1,2,3,4,4,5,1.0,wDD
112691,1,1,2,3,5,3,1.0,Hg
112810,1,1,2,1,1,3,1.0,Hg
113116,1,2,1,1,1,1,1.0,HbsbG
1137376,1,1,2,1,2,2,0.0,8jB
113817,1,2,1,1,1,1,,ceOxS
1141047,1,1,1,1,1,1,1.0,wDD
1141091,1,1,1,1,2,2,1.0,Hg
1141141,1,2,3,4,4,5,1.0,Hg
114119,1,1,2,3,2,2,,Hg
114671,1,1,1,1,1,1,,z6I
114721,1,2,1,1,1,1,0.0,Hg
114791,1,1,1,2,3,4,,HbsbG
114798,1,1,2,3,2,3,0.0,8jB
114810,1,2,3,4,4,5,,Hg
1148611,1,2,3,4,4,5,1.0,Hg
1151067,1,1,2,1,2,2,,Hg
1158778,1,1,1,1,1,1,1.0,8jB
1159664,1,1,2,3,2,2,0.0,Hg
116117,1,2,3,4,4,5,1.0,8jB
116121,1,1,1,2,3,4,0.0,wDD
116977,1,1,1,1,1,3,1.0,Hg
117010,1,1,2,3,2,3,,Hg
117105,1,1,1,1,1,1,,Hg
1171127,1,2,3,4,4,5,1.0,Hg
118101,1,2,3,4,4,5,1.0,8jB
118114,1,2,3,4,4,5,,8jB
118117,1,1,1,2,3,4,0.0,MqO
118708,1,1,1,1,1,1,0.0,Hg
119117,1,2,1,2,3,4,1.0,8jB
119122,1,2,1,2,3,1,1.0,ceOxS
119498,1,1,2,3,2,3,0.0,Hg
1197401,1,1,2,1,1,3,,Hg
119781,1,2,3,4,2,2,,8jB
119816,1,2,1,1,1,1,,Hg
1199104,1,2,1,1,2,2,,Hg
120461,1,2,1,1,1,1,,8jB
120701,1,1,1,1,2,2,1.0,Hg
120741,1,2,1,1,1,1,0.0,Hg
120901,1,1,1,1,2,2,,8jB
121046,1,1,1,2,3,4,,Hg
1211151,1,2,3,4,2,5,1.0,wDD
1214111,1,1,2,3,2,3,,Hg
121701,1,2,1,1,1,1,,8jB
121728,1,1,2,3,5,3,0.0,Hg
121778,1,1,1,1,1,1,,8jB
1218377,1,2,3,4,4,5,1.0,sV3mR
121876,1,1,1,1,1,3,,Hg
122108,1,1,2,3,2,2,,8jB
1223661,1,1,1,1,1,3,,8jB
1228011,1,2,1,2,3,4,0.0,8jB
1228211,1,1,1,1,1,1,1.0,Hg
122850,1,2,1,2,3,4,0.0,8jB
122887,1,1,2,3,2,3,0.0,Hg
128268,1,2,1,2,3,4,,8jB
190821,1,2,3,4,2,5,1.0,Hg
279461,1,1,1,1,1,1,1.0,8jB
2794690,1,1,1,1,1,1,0.0,8jB
287100,1,1,2,1,1,3,,HbsbG
2887690,1,1,1,1,1,1,,8jB
298120,1,1,2,3,2,2,1.0,8jB
310610,1,1,1,1,2,2,0.0,8jB
311110,1,1,2,1,2,3,,Hg
3699704,1,1,2,3,2,3,,8jB
382698,1,1,2,3,2,2,1.0,Hg
417510,1,1,1,1,2,2,0.0,8jB
419075,1,2,3,4,4,5,1.0,8jB
461089,1,1,1,1,2,2,0.0,Hg
461104,1,2,1,2,3,4,0.0,8jB
461158,1,1,2,1,2,2,0.0,Hg
461226,1,2,1,1,1,3,1.0,8jB
466710,1,1,1,1,1,1,,8jB
466866,1,1,2,3,5,3,,8jB
468646,1,1,1,1,2,2,0.0,z6I
468980,1,1,2,1,2,2,0.0,8jB
469790,1,1,1,2,3,4,,Hg
4710670,1,2,1,2,3,4,1.0,Hg
477661,1,2,1,2,3,4,1.0,8jB
481791,1,1,1,1,1,3,,8jB
508846,1,1,1,2,1,3,1.0,wDD
5102111,1,1,1,1,2,2,,8jB
512280,1,1,1,1,1,3,0.0,wDD
5769106,1,1,2,1,2,3,0.0,8jB
582662,1,2,1,2,3,4,,8jB
5831058,1,2,1,1,1,1,0.0,8jB
5845834,1,1,2,3,2,2,0.0,8jB
610891,1,1,1,2,3,4,0.0,8jB
611610,1,2,3,4,4,5,1.0,wDD
611629,1,1,1,1,1,1,1.0,wDD
6569121,1,2,1,2,3,4,,MqO
6577811,1,1,2,3,5,6,,8jB
658466,1,1,2,1,2,2,0.0,Hg
661091,1,2,1,1,1,1,0.0,MqO
669010,1,1,2,3,5,6,0.0,8jB
6697809,1,2,3,4,4,5,1.0,sV3mR
671781,1,1,1,2,3,4,0.0,Hg
676510,1,1,2,3,5,3,,8jB
676890,1,1,2,3,5,6,,8jB
6773102,1,1,1,1,2,3,0.0,8jB
678103,1,2,3,2,3,4,1.0,sV3mR
679810,1,2,1,1,1,1,0.0,8jB
6808461,1,1,2,1,2,3,0.0,Hg
680861,1,1,1,1,1,1,0.0,Hg
681103,1,1,2,3,5,6,,8jB
683654,1,1,1,1,2,2,,8jB
684461,1,1,2,3,5,3,,8jB
688411,1,1,2,3,5,6,,Hg
6885841,1,1,1,1,2,2,0.0,8jB
689878,1,1,1,1,1,1,,8jB
6901131,1,1,1,2,3,4,0.0,8jB
691171,1,1,2,1,2,2,1.0,8jB
697998,1,1,2,1,2,3,1.0,Hg
6981151,1,2,1,1,1,1,0.0,z6I
7011879,1,1,1,1,1,1,,MqO
7046666,1,1,1,1,1,3,1.0,8jB
7048688,1,1,1,2,3,4,1.0,Hg
706817,1,1,1,2,3,4,0.0,8jB
7069411,1,2,1,1,1,1,0.0,Hg
708210,1,2,1,1,1,1,,MqO
708499,1,1,1,1,1,1,,8jB
7086681,1,1,1,1,2,2,0.0,Hg
710210,1,1,2,3,5,6,,Hg
7115691,1,2,3,4,4,5,1.0,8jB
711910,1,2,3,4,4,5,1.0,sV3mR
712718,1,1,1,1,2,2,1.0,Hg
716869,1,1,1,1,1,1,0.0,sV3mR
716890,1,1,1,1,2,2,,8jB
7179878,1,1,2,2,3,4,,8jB
719010,1,1,1,2,1,3,,8jB
721074,1,1,2,3,2,2,0.0,8jB
721077,1,2,1,2,1,1,0.0,8jB
7211010,1,2,3,4,4,5,1.0,8jB
7211189,1,1,2,3,2,2,0.0,8jB
7211375,1,1,2,1,2,2,,Hg
725101,1,1,2,3,5,6,1.0,Hg
727576,1,2,3,4,4,5,,Hg
727690,1,1,1,1,1,1,0.0,HbsbG
731201,1,1,1,1,1,1,,MqO
7374981,1,1,1,1,1,1,1.0,MqO
738311,1,1,1,2,1,4,,8jB
7411010,1,1,1,1,1,2,0.0,Hg
7411491,1,1,2,1,2,2,0.0,8jB
741169,1,1,2,1,2,2,,Hg
7412010,1,1,1,1,1,3,,MqO
7437311,1,1,2,1,2,3,,Hg
7474976,1,1,1,1,1,3,1.0,HbsbG
747510,1,2,1,1,1,1,,Hg
7510211,1,2,1,2,3,4,1.0,8jB
751108,1,1,1,1,1,3,0.0,Hg
7569701,1,1,2,3,2,3,,Hg
759747,1,2,3,4,4,5,1.0,8jB
760117,1,1,2,3,2,3,0.0,8jB
761079,1,2,1,1,1,1,0.0,Hg
761118,1,2,3,4,4,5,1.0,Hg
7612088,1,1,2,1,2,2,,sV3mR
7679818,1,2,3,4,4,5,1.0,Hg
768113,1,1,1,1,1,1,1.0,wDD
771031,1,1,1,1,2,2,1.0,8jB
7710311,1,1,1,1,1,3,1.0,HbsbG
771036,1,1,1,1,1,1,,wDD
7710511,1,1,1,1,1,1,0.0,z6I
775840,1,1,2,3,2,3,,Hg
7771161,1,1,1,1,2,2,0.0,8jB
778721,1,1,1,1,1,3,0.0,Hg
7810010,1,2,3,4,4,5,1.0,8jB
781011,1,1,1,1,1,1,,8jB
781099,1,1,1,1,2,2,0.0,wDD
7811599,1,2,3,4,4,5,1.0,8jB
7846661,1,1,2,3,2,3,,Hg
7873107,1,1,2,1,2,3,,Hg
7873786,1,2,3,4,4,5,1.0,8jB
788488,1,1,1,1,1,1,0.0,MqO
796869,1,2,1,1,1,1,0.0,8jB
7984107,1,1,2,3,2,2,0.0,MqO
801001,1,1,2,3,2,2,,8jB
801031,1,2,1,1,1,1,0.0,8jB
8010411,1,2,1,1,1,1,0.0,z6I
801209,1,1,1,1,2,2,,Hg
8061051,1,1,2,3,2,2,,8jB
8079897,1,1,1,1,2,2,,8jB
808112,1,1,2,1,2,2,0.0,z6I
811080,1,2,1,1,1,1,0.0,8jB
8111796,1,1,2,3,5,3,,8jB
8112146,1,1,1,1,1,3,,8jB
812127,1,2,1,2,3,4,1.0,8jB
812183,1,2,1,1,1,1,,Hg
815461,1,2,1,2,3,4,1.0,8jB
816910,1,1,1,1,1,1,0.0,MqO
8190108,1,1,2,3,2,2,0.0,8jB
821088,1,1,1,1,1,1,0.0,8jB
8212283,1,2,3,4,4,5,1.0,8jB
823761,1,1,1,2,3,4,0.0,Hg
826780,1,2,3,4,4,5,1.0,Hg
827183,1,1,1,2,3,4,,8jB
8272971,1,2,1,2,3,4,,wDD
8280779,1,2,1,1,1,1,0.0,8jB
828710,1,2,3,4,4,5,1.0,8jB
8312167,1,1,1,1,1,1,,Hg
8399121,1,2,1,2,3,4,0.0,MqO
8410090,1,1,1,2,3,4,,8jB
841087,1,1,1,1,2,2,1.0,Hg
841184,1,2,1,1,2,2,,8jB
841211,1,2,1,1,1,1,1.0,Hg
847111,1,1,2,1,2,3,1.0,Hg
847480,1,1,2,3,2,3,1.0,Hg
847678,1,2,1,2,3,4,1.0,8jB
8478885,1,1,2,3,2,2,,8jB
850210,1,1,1,1,1,3,,8jB
851017,1,2,3,4,4,5,1.0,8jB
851058,1,1,1,1,1,1,1.0,8jB
856765,1,1,1,1,1,1,,8jB
856810,1,2,3,4,4,5,1.0,Hg
858577,1,2,1,2,1,1,0.0,8jB
859770,1,1,1,1,1,1,,HbsbG
861116,1,1,1,1,2,2,1.0,ceOxS
8611610,1,2,1,2,3,4,,Hg
8611772,1,1,1,2,3,4,1.0,8jB
8612210,1,2,3,4,4,5,1.0,8jB
865116,1,2,3,4,4,5,1.0,HbsbG
8673111,1,1,1,2,3,4,,8jB
8681127,1,2,1,1,1,1,,ceOxS
868122,1,2,1,1,1,1,0.0,Hg
8701118,1,1,2,3,5,6,,8jB
872117,1,1,2,3,2,2,1.0,8jB
876790,1,1,2,1,2,2,0.0,Hg
8773113,1,1,1,1,1,1,0.0,HbsbG
881223,1,2,1,2,1,1,0.0,sV3mR
884673,1,1,2,3,5,3,,8jB
8877761,1,1,1,1,2,2,1.0,Hg
887911,1,1,1,1,2,2,,8jB
888888,1,1,2,3,5,6,,8jB
8910784,1,1,1,2,3,4,,8jB
8910987,1,2,1,1,1,1,,wDD
8971777,1,2,1,2,3,4,,Hg
897237,1,1,2,3,2,3,1.0,Hg
897410,1,1,1,1,1,1,,8jB
9011578,1,1,1,2,3,4,,8jB
901207,1,1,1,1,2,2,,8jB
9097838,1,1,1,1,2,2,1.0,Hg
9115910,1,1,1,1,1,1,,8jB
966771,1,2,1,2,3,4,,8jB
970807,1,1,1,1,1,1,,8jB
971044,1,1,1,1,1,1,,8jB
971071,1,1,1,2,3,4,0.0,Hg
9711086,1,2,1,2,3,4,,8jB
9776611,1,1,1,1,1,3,0.0,8jB
9816877,1,1,1,1,1,1,1.0,Hg
984977,1,1,1,1,1,3,1.0,Hg
987611,1,1,1,2,3,4,,8jB
9889114,1,2,1,1,1,1,0.0,HbsbG
9889190,1,1,1,1,1,1,0.0,Hg
991118,1,2,1,2,3,1,0.0,Hg
991158,1,1,1,1,1,3,1.0,8jB
9970781,1,1,1,1,1,1,,8jB
9981041,1,2,3,4,4,5,1.0,z6I
