Model,K,Short_fixed_EUR_MWh,Mean_tau_star,Cost_point_EUR_per_HH_yr,Cost_tau_star_EUR_per_HH_yr,Saving_pct,CI95_low_pct,CI95_high_pct,P(cheaper)
Baseline (K=1),1,40,0.5463,29.8571,29.9358,-0.2638,-1.8708,1.5771,0.3735
Baseline (K=1),1,60,0.6165,34.6377,34.1914,1.2885,-0.6581,3.4867,0.9
Baseline (K=1),1,80,0.6675,39.4183,37.7202,4.3078,1.4613,7.783,1.0
Baseline (K=1),1,100,0.7064,44.1988,40.6702,7.9837,4.0485,12.3829,1.0
Baseline (K=1),1,130,0.75,51.3697,44.3988,13.57,8.2763,19.0233,1.0
Baseline (K=1),1,160,0.7822,58.5406,47.5161,18.8322,12.6608,25.4676,1.0
Baseline (K=1),1,200,0.8141,68.1018,51.0202,25.0824,17.6067,33.2919,1.0
Clustered (K=4),4,40,0.5463,29.6483,29.7406,-0.3114,-2.4022,1.8699,0.3835
Clustered (K=4),4,60,0.6165,34.6421,33.9857,1.8948,-0.8685,4.9592,0.902
Clustered (K=4),4,80,0.6675,39.6358,37.4221,5.5851,1.7725,9.9916,1.0
Clustered (K=4),4,100,0.7064,44.6296,40.4161,9.4411,4.79,14.5835,1.0
Clustered (K=4),4,130,0.75,52.1203,44.2016,15.1931,8.9281,22.2746,1.0
Clustered (K=4),4,160,0.7822,59.6109,47.4155,20.4584,13.2603,28.3513,1.0
Clustered (K=4),4,200,0.8141,69.5985,51.0663,26.6272,18.0117,35.8447,1.0
