Household_ID;Group;Weather_ID;Installation_HasPVSystem;Protocols_Available;Protocols_HasMultipleVisits;Protocols_ReportIDs;MetaData_Available;SmartMeterData_Available_15min;SmartMeterData_Available_Daily;SmartMeterData_Available_Monthly
661091;treatment;MqO;False;True;False;[29];True;True;True;True
120701;treatment;Hg;True;True;False;[32];True;True;True;True
1078861;treatment;8jB;True;True;False;[138];True;True;True;True
190821;treatment;Hg;True;True;False;[139];True;True;True;True
731201;treatment;MqO;;True;False;[151];False;True;False;False
1228011;treatment;8jB;False;True;False;[156];True;True;True;False
1137376;treatment;8jB;False;True;False;[166];True;True;True;True
1191127;treatment;z6I;True;True;False;[169];True;True;True;True
114671;treatment;z6I;;True;False;[171];False;True;False;False
120912;treatment;Hg;False;True;True;[176, 344];True;True;False;False
680861;treatment;Hg;False;True;False;[178];True;True;True;True
761079;treatment;Hg;False;True;False;[182];False;True;True;True
461089;treatment;Hg;False;True;False;[184];False;True;True;True
107114;treatment;Hg;False;True;False;[187];False;True;True;True
109711;treatment;8jB;True;True;False;[190];True;True;True;True
6569121;treatment;MqO;;True;False;[194];False;True;False;False
105900;treatment;MqO;False;True;False;[202];True;True;True;True
826780;treatment;Hg;True;True;False;[204];True;True;True;True
9981041;treatment;z6I;True;True;False;[216];True;True;True;True
118117;treatment;MqO;False;True;False;[222];True;True;True;True
6981151;treatment;z6I;False;True;False;[224];True;True;True;True
7412010;treatment;MqO;;True;False;[226];False;True;False;False
9889190;treatment;Hg;False;True;False;[230];True;True;True;True
6808461;treatment;Hg;False;True;False;[231];True;True;True;True
747511;treatment;wDD;False;True;False;[232];True;True;True;True
6773102;treatment;8jB;False;True;False;[233];True;True;True;True
4710670;treatment;Hg;True;True;False;[234];True;True;True;True
716869;treatment;sV3mR;False;True;False;[235];True;True;True;True
781099;treatment;wDD;False;True;False;[237];True;True;True;True
8010411;treatment;z6I;False;True;False;[239];True;True;True;True
7086681;treatment;Hg;False;True;False;[241];True;True;True;False
868122;treatment;Hg;False;True;False;[242];True;True;True;True
881223;treatment;sV3mR;False;True;False;[245];True;True;True;False
118708;treatment;Hg;False;True;False;[247];True;True;True;False
1037610;treatment;8jB;False;True;False;[248];True;True;True;True
6885841;treatment;8jB;False;True;False;[249];True;True;True;True
2794690;treatment;8jB;False;True;False;[250];True;True;True;True
111119;treatment;Hg;False;True;True;[251, 372];True;True;True;True
105807;treatment;8jB;False;True;False;[252];True;True;False;False
7374981;treatment;MqO;True;True;False;[253];True;True;True;True
861116;treatment;ceOxS;True;True;False;[254];True;True;True;True
108511;treatment;Hg;False;True;False;[256];True;True;True;True
1037311;treatment;Hg;False;True;False;[260];True;True;True;True
768498;treatment;Hg;False;True;False;[261];True;True;True;True
116121;treatment;wDD;False;True;False;[262];True;True;True;True
120741;treatment;Hg;False;True;False;[263];True;True;True;True
114721;treatment;Hg;False;True;False;[264];True;True;True;True
815461;treatment;8jB;True;True;False;[265];False;True;False;False
971071;treatment;Hg;False;True;False;[267];True;True;True;True
121728;treatment;Hg;False;True;False;[268];True;True;True;True
114798;treatment;8jB;False;True;False;[269];True;True;True;True
1081057;treatment;8jB;False;True;False;[270];True;True;True;True
9776611;treatment;8jB;False;True;False;[271];True;True;True;True
996610;treatment;8jB;False;True;False;[272];True;True;True;True
7411010;treatment;Hg;False;True;False;[273];True;True;False;False
512280;treatment;wDD;False;True;False;[274];True;True;True;True
7710511;treatment;z6I;False;True;False;[275];True;True;True;True
823761;treatment;Hg;False;True;False;[277];True;True;True;True
1101758;treatment;Hg;False;True;False;[280];True;True;True;True
1061168;treatment;HbsbG;False;True;False;[281];True;True;True;True
808112;treatment;z6I;False;True;False;[282];True;True;True;True
1019970;treatment;Hg;False;True;False;[283];True;True;True;True
1148611;treatment;Hg;True;True;False;[284];True;True;True;True
7048688;treatment;Hg;True;True;False;[285];True;True;True;True
109104;treatment;Hg;False;True;False;[287];True;True;True;False
468646;treatment;z6I;False;True;False;[288];False;True;True;True
671781;treatment;Hg;False;True;False;[291];True;True;False;False
768113;treatment;wDD;True;True;False;[292];True;True;True;True
122850;treatment;8jB;False;True;False;[293];True;True;True;True
461104;treatment;8jB;False;True;False;[294];True;True;True;False
112810;treatment;Hg;True;True;False;[296];True;True;True;True
610891;treatment;8jB;False;True;False;[297];True;True;True;True
858577;treatment;8jB;False;True;False;[298];True;True;True;True
8399121;treatment;MqO;False;True;False;[299];False;True;True;True
108987;treatment;MqO;False;True;False;[301];False;True;True;True
788488;treatment;MqO;False;True;False;[302];True;True;True;True
7099511;treatment;Hg;False;True;False;[303];False;True;True;True
865116;treatment;HbsbG;True;True;False;[304];True;True;True;True
991118;treatment;Hg;False;True;False;[305];True;True;True;True
816910;treatment;MqO;False;True;False;[306];False;True;True;True
1001228;treatment;z6I;False;True;False;[307];True;True;True;True
107461;treatment;8jB;False;True;False;[308];True;True;True;True
106100;treatment;8jB;False;True;False;[309];True;True;True;True
5845834;treatment;8jB;False;True;False;[310];True;True;True;True
1111201;treatment;8jB;True;True;False;[311];True;True;True;False
8612210;treatment;8jB;True;True;False;[312];False;True;True;True
7211010;treatment;8jB;True;True;False;[315];False;True;True;True
1211151;treatment;wDD;True;True;False;[317];True;True;True;True
7771161;treatment;8jB;False;True;False;[318];True;True;True;True
5769106;treatment;8jB;False;True;False;[319];False;True;True;True
7411491;treatment;8jB;False;True;False;[321];True;True;True;True
1071058;treatment;Hg;False;True;False;[322];True;True;True;True
1091217;treatment;8jB;False;True;False;[323];True;True;True;True
7069411;treatment;Hg;False;True;False;[324];True;True;True;True
679810;treatment;8jB;False;True;False;[325];True;True;True;True
721074;treatment;8jB;False;True;False;[326];True;True;True;False
778721;treatment;Hg;False;True;False;[327];True;True;True;True
728210;treatment;Hg;True;True;False;[328];True;True;True;True
712718;treatment;Hg;True;True;False;[329];True;True;True;True
7211189;treatment;8jB;False;True;False;[330];True;True;True;True
811080;treatment;8jB;False;True;False;[331];True;True;True;True
5831058;treatment;8jB;False;True;False;[332];True;True;True;True
760117;treatment;8jB;False;True;False;[333];True;True;True;False
468980;treatment;8jB;False;True;False;[334];True;True;True;True
103721;treatment;8jB;False;True;False;[335];True;True;True;True
821088;treatment;8jB;False;True;False;[336];True;True;True;True
121887;treatment;z6I;False;True;False;[337];True;True;True;True
796869;treatment;8jB;False;True;False;[338];True;True;True;True
727690;treatment;HbsbG;False;True;False;[339];True;True;True;True
669010;treatment;8jB;False;True;False;[340];True;True;True;True
9889114;treatment;HbsbG;False;True;False;[342];True;True;True;True
7984107;treatment;MqO;False;True;False;[343];True;True;True;True
721077;treatment;8jB;False;True;False;[345];True;True;True;True
658466;treatment;Hg;False;True;False;[346];True;True;True;False
461158;treatment;Hg;False;True;False;[347];True;True;True;True
112120;treatment;8jB;True;True;False;[348];True;True;True;True
1159664;treatment;Hg;False;True;False;[349];True;True;True;True
122887;treatment;Hg;False;True;False;[350];True;True;True;False
706817;treatment;8jB;False;True;False;[351];True;True;True;True
8087988;treatment;MqO;False;True;True;[356, 392];True;True;True;True
757271;treatment;8jB;False;True;False;[361];True;True;True;True
6901131;treatment;8jB;False;True;False;[362];True;True;True;True
7474976;treatment;HbsbG;True;True;False;[363];True;True;True;True
1171127;treatment;Hg;True;True;False;[364];True;True;True;True
801031;treatment;8jB;False;True;False;[365];True;True;True;True
104118;treatment;Hg;False;True;False;[367];True;True;True;True
119498;treatment;Hg;False;True;False;[368];True;True;True;True
767371;treatment;Hg;False;True;False;[369];True;True;True;True
841211;treatment;Hg;True;True;False;[370];True;True;True;True
611629;treatment;wDD;True;True;False;[371];True;True;True;True
8190108;treatment;8jB;False;True;False;[373];True;True;True;True
105714;treatment;Hg;False;True;False;[374];True;True;True;True
417510;treatment;8jB;False;True;False;[376];True;True;True;True
477661;treatment;8jB;True;True;False;[378];True;True;True;True
122671;treatment;Hg;False;True;False;[379];True;True;True;True
7747482;treatment;8jB;False;True;False;[380];True;True;True;True
100120;treatment;8jB;False;True;False;[381];True;True;True;True
7679818;treatment;Hg;True;True;False;[384];True;True;True;True
751108;treatment;Hg;False;True;False;[385];True;True;True;True
310610;treatment;8jB;False;True;False;[387];True;True;True;True
8773113;treatment;HbsbG;False;True;False;[388];True;True;True;True
9073879;treatment;8jB;False;True;False;[390];True;True;True;True
1191021;treatment;8jB;False;True;False;[396];True;True;True;True
9097838;treatment;Hg;True;True;False;[397];True;True;True;True
112691;treatment;Hg;True;True;False;[398];True;True;True;True
808410;treatment;Hg;True;True;False;[401];True;True;True;True
111901;treatment;8jB;False;True;False;[402];True;True;True;True
7146661;treatment;z6I;False;True;False;[403];False;True;True;True
876790;treatment;Hg;False;True;False;[404];True;True;True;True
1015877;treatment;8jB;True;True;False;[405];True;True;True;True
8280779;treatment;8jB;False;True;False;[406];True;True;True;True
1141047;treatment;wDD;True;True;False;[409];True;True;True;True
10266;control;z6I;;False;False;;True;True;True;True
100105;control;8jB;True;False;False;;True;True;True;True
101797;control;Hg;;False;False;;True;True;True;True
102106;control;Hg;;False;False;;True;True;True;True
102119;control;8jB;True;False;False;;True;True;True;True
102310;control;MqO;;False;False;;True;True;True;True
103119;control;Hg;;False;False;;True;True;True;True
103724;control;8jB;True;False;False;;True;True;True;True
103991;control;z6I;;False;False;;True;True;True;True
105113;control;Hg;;False;False;;True;True;True;False
105210;control;8jB;;False;False;;True;True;False;False
105461;control;Hg;True;False;False;;True;True;True;True
105697;control;Hg;;False;False;;True;True;True;True
106102;control;8jB;True;False;False;;True;True;True;True
106109;control;Hg;;False;False;;True;True;True;True
106310;control;sV3mR;;False;False;;True;True;True;True
106691;control;Hg;;False;False;;True;True;True;True
106791;control;z6I;True;False;False;;True;True;True;True
106841;control;Hg;;False;False;;True;True;True;True
107719;control;Hg;True;False;False;;True;True;True;True
108100;control;8jB;;False;False;;True;True;True;True
108757;control;HbsbG;;False;False;;True;True;False;False
108798;control;wDD;True;False;False;;True;True;True;True
108849;control;Hg;True;False;False;;True;True;True;True
108927;control;Hg;;False;False;;True;True;True;True
109073;control;8jB;;False;False;;True;True;True;True
109107;control;8jB;;False;False;;True;True;True;True
109111;control;8jB;;False;False;;True;True;True;True
109677;control;Hg;;False;False;;True;True;True;True
109879;control;Hg;True;False;False;;True;True;True;True
110411;control;Hg;;False;False;;True;True;True;True
110766;control;8jB;;False;False;;True;True;True;True
110810;control;Hg;True;False;False;;True;True;True;True
111387;control;8jB;;False;False;;True;True;True;True
111651;control;Hg;;False;False;;True;True;True;True
112110;control;Hg;True;False;False;;True;True;True;True
112122;control;wDD;True;False;False;;True;True;True;True
113116;control;HbsbG;True;False;False;;True;True;True;True
113817;control;ceOxS;;False;False;;True;True;True;True
113987;control;Hg;;False;False;;True;True;True;True
114104;control;Hg;;False;False;;True;True;True;True
114119;control;Hg;;False;False;;True;True;True;True
114677;control;Hg;True;False;False;;True;True;True;True
114791;control;HbsbG;;False;False;;True;True;True;True
114810;control;Hg;;False;False;;True;True;False;False
116117;control;8jB;True;False;False;;True;True;True;True
116310;control;sV3mR;True;False;False;;True;True;True;True
116977;control;Hg;True;False;False;;True;True;True;True
117010;control;Hg;;False;False;;True;True;True;True
117105;control;Hg;;False;False;;True;True;True;True
118101;control;8jB;True;False;False;;True;True;True;True
118114;control;8jB;;False;False;;True;True;True;True
119117;control;8jB;True;False;False;;True;True;True;True
119122;control;ceOxS;True;False;False;;True;True;True;True
119461;control;8jB;;False;False;;True;True;True;True
119781;control;8jB;;False;False;;True;True;True;True
119816;control;Hg;;False;False;;True;True;True;True
120461;control;8jB;;False;False;;True;True;True;True
120871;control;Hg;True;False;False;;True;True;True;True
120901;control;8jB;;False;False;;True;True;True;True
121046;control;Hg;;False;False;;True;True;True;True
121701;control;8jB;;False;False;;True;True;True;True
121778;control;8jB;;False;False;;True;True;True;True
121876;control;Hg;;False;False;;True;True;True;True
122108;control;8jB;;False;False;;True;True;True;True
128268;control;8jB;;False;False;;True;True;True;True
279461;control;8jB;True;False;False;;True;True;True;True
287100;control;HbsbG;;False;False;;True;True;True;True
298120;control;8jB;True;False;False;;True;True;True;True
311110;control;Hg;;False;False;;True;True;True;True
382698;control;Hg;True;False;False;;True;True;True;True
419075;control;8jB;True;False;False;;True;True;True;True
461101;control;8jB;True;False;False;;True;True;True;True
461226;control;8jB;True;False;False;;True;True;True;True
466710;control;8jB;;False;False;;True;True;True;True
466866;control;8jB;;False;False;;True;True;True;True
467969;control;Hg;True;False;False;;True;True;True;True
469790;control;Hg;;False;False;;True;True;True;True
481791;control;8jB;;False;False;;True;True;True;True
508846;control;wDD;True;False;False;;True;True;True;True
582662;control;8jB;;False;False;;True;True;True;True
611610;control;wDD;True;False;False;;True;True;True;True
654611;control;8jB;True;False;False;;True;True;True;True
676510;control;8jB;;False;False;;True;True;True;True
676890;control;8jB;;False;False;;True;True;True;True
677172;control;Hg;True;False;False;;True;True;True;True
678103;control;sV3mR;True;False;False;;True;True;True;True
681103;control;8jB;;False;False;;True;True;True;True
683654;control;8jB;;False;False;;True;True;True;True
684461;control;8jB;;False;False;;True;True;True;True
688105;control;8jB;True;False;False;;True;True;True;True
688310;control;HbsbG;;False;False;;True;True;True;True
688411;control;Hg;;False;False;;True;True;True;True
689878;control;8jB;;False;False;;True;True;True;True
691171;control;8jB;True;False;False;;True;True;True;True
697998;control;Hg;True;False;False;;True;True;True;True
700484;control;8jB;;False;False;;True;True;True;True
708210;control;MqO;;False;False;;True;True;True;True
708499;control;8jB;;False;False;;True;True;True;True
710210;control;Hg;;False;False;;True;True;True;True
711910;control;sV3mR;True;False;False;;True;True;True;True
716890;control;8jB;;False;False;;True;True;True;True
717486;control;Hg;True;False;False;;True;True;True;True
719010;control;8jB;;False;False;;True;True;True;True
725101;control;Hg;True;False;False;;True;True;True;True
727576;control;Hg;;False;False;;True;True;False;False
738311;control;8jB;;False;False;;True;True;True;True
738870;control;8jB;;False;False;;True;True;True;True
741169;control;Hg;;False;False;;True;True;True;True
747510;control;Hg;;False;False;;True;True;True;True
751078;control;Hg;;False;False;;True;True;True;True
759747;control;8jB;True;False;False;;True;True;True;True
761118;control;Hg;True;False;False;;True;True;True;True
768078;control;Hg;;False;False;;True;True;True;True
771031;control;8jB;True;False;False;;True;True;True;True
771036;control;wDD;;False;False;;True;True;True;True
775840;control;Hg;;False;False;;True;True;True;True
781011;control;8jB;;False;False;;True;True;True;True
801001;control;8jB;;False;False;;True;True;True;True
801209;control;Hg;;False;False;;True;True;True;True
807356;control;8jB;True;False;False;;True;True;True;True
810510;control;8jB;True;False;False;;True;True;True;True
812127;control;8jB;True;False;False;;True;True;True;True
812183;control;Hg;;False;False;;True;True;False;False
817178;control;MqO;True;False;False;;True;True;True;True
827183;control;8jB;;False;False;;True;True;True;True
828110;control;8jB;;False;False;;True;True;True;True
828710;control;8jB;True;False;False;;True;True;True;False
838351;control;Hg;;False;False;;True;True;True;True
841087;control;Hg;True;False;False;;True;True;True;True
841184;control;8jB;;False;False;;True;True;True;True
847111;control;Hg;True;False;False;;True;True;True;True
847480;control;Hg;True;False;False;;True;True;True;True
847678;control;8jB;True;False;False;;True;True;True;True
850210;control;8jB;;False;False;;True;True;True;True
851017;control;8jB;True;False;False;;True;True;True;True
851058;control;8jB;True;False;False;;True;True;True;True
856765;control;8jB;;False;False;;True;True;True;True
856810;control;Hg;True;False;False;;True;True;True;False
859770;control;HbsbG;;False;False;;True;True;True;True
861151;control;ceOxS;;False;False;;True;True;True;True
872117;control;8jB;True;False;False;;True;True;True;True
878751;control;Hg;True;False;False;;True;True;True;True
879894;control;ceOxS;;False;False;;True;True;False;False
884673;control;8jB;;False;False;;True;True;True;True
887911;control;8jB;;False;False;;True;True;True;True
888888;control;8jB;;False;False;;True;True;True;True
897166;control;Hg;;False;False;;True;True;True;True
897237;control;Hg;True;False;False;;True;True;True;True
897410;control;8jB;;False;False;;True;True;True;True
901207;control;8jB;;False;False;;True;True;True;True
908510;control;8jB;True;False;False;;True;True;True;True
966771;control;8jB;;False;False;;True;True;True;True
970807;control;8jB;;False;False;;True;True;True;True
971044;control;8jB;;False;False;;True;True;True;True
971151;control;8jB;;False;False;;True;True;True;True
984977;control;Hg;True;False;False;;True;True;True;True
987611;control;8jB;;False;False;;True;True;True;True
988311;control;8jB;True;False;False;;True;True;True;False
991158;control;8jB;True;False;False;;True;True;True;True
995696;control;Hg;;False;False;;True;True;True;True
997610;control;Hg;;False;False;;True;True;True;True
1001121;control;Hg;;False;False;;True;True;False;False
1001188;control;8jB;;False;False;;True;True;False;False
1006811;control;wDD;;False;False;;True;True;False;False
1007079;control;8jB;;False;False;;True;True;True;True
1009851;control;Hg;;False;False;;True;True;True;True
1011091;control;8jB;;False;False;;True;True;True;True
1017510;control;Hg;True;False;False;;True;True;True;True
1020729;control;Hg;;False;False;;True;True;True;True
1038167;control;Hg;True;False;False;;True;True;True;True
1041141;control;8jB;;False;False;;True;True;True;True
1056907;control;Hg;;False;False;;True;True;True;True
1057211;control;Hg;True;False;False;;True;True;True;True
1061006;control;8jB;;False;False;;True;True;True;True
1061228;control;MqO;True;False;False;;True;True;True;True
1065698;control;ceOxS;;False;False;;True;True;True;True
1066796;control;8jB;True;False;False;;True;True;True;True
1073767;control;8jB;;False;False;;True;True;True;True
1075697;control;Hg;;False;False;;True;True;True;True
1079731;control;8jB;;False;False;;True;True;True;True
1088228;control;8jB;;False;False;;True;True;True;True
1090081;control;Hg;;False;False;;True;True;True;True
1101068;control;8jB;True;False;False;;True;True;True;True
1101151;control;8jB;True;False;False;;True;True;True;True
1101186;control;Hg;;False;False;;True;True;False;False
1111228;control;8jB;;False;False;;True;True;True;True
1118211;control;Hg;True;False;False;;True;True;True;True
1121071;control;8jB;True;False;False;;True;True;True;True
1121081;control;8jB;True;False;False;;True;True;True;True
1141091;control;Hg;True;False;False;;True;True;True;True
1141141;control;Hg;True;False;False;;True;True;True;True
1147810;control;8jB;;False;False;;True;True;True;True
1151067;control;Hg;;False;False;;True;True;True;False
1158778;control;8jB;True;False;False;;True;True;True;True
1191088;control;Hg;True;False;False;;True;True;True;True
1193858;control;Hg;;False;False;;True;True;True;True
1197401;control;Hg;;False;False;;True;True;True;True
1199104;control;Hg;;False;False;;True;True;True;True
1214111;control;Hg;;False;False;;True;True;True;True
1218377;control;sV3mR;True;False;False;;True;True;True;True
1223661;control;8jB;;False;False;;True;True;True;True
1228100;control;Hg;True;False;False;;True;True;True;True
1228211;control;Hg;True;False;False;;True;True;True;True
2887690;control;8jB;;False;False;;True;True;True;True
3699704;control;8jB;;False;False;;True;True;True;True
4115111;control;z6I;True;False;False;;True;True;True;True
4675977;control;Hg;;False;False;;True;True;True;True
4911611;control;8jB;;False;False;;True;True;True;True
5102111;control;8jB;;False;False;;True;True;True;True
6512274;control;Hg;True;False;False;;True;True;True;True
6577811;control;8jB;;False;False;;True;True;True;True
6697809;control;sV3mR;True;False;False;;True;True;True;True
7011879;control;MqO;;False;False;;True;True;True;True
7046666;control;8jB;True;False;False;;True;True;True;True
7115691;control;8jB;True;False;False;;True;True;True;True
7179878;control;8jB;;False;False;;True;True;True;True
7211375;control;Hg;;False;False;;True;True;True;True
7286748;control;Hg;True;False;False;;True;True;True;True
7437311;control;Hg;;False;False;;True;True;True;True
7510211;control;8jB;True;False;False;;True;True;True;True
7569701;control;Hg;;False;False;;True;True;True;True
7612088;control;sV3mR;;False;False;;True;True;True;True
7710311;control;HbsbG;True;False;False;;True;True;True;True
7710710;control;Hg;;False;False;;True;True;True;True
7810010;control;8jB;True;False;False;;True;True;True;True
7811599;control;8jB;True;False;False;;True;True;True;True
7846661;control;Hg;;False;False;;True;True;True;True
7873107;control;Hg;;False;False;;True;True;True;True
7873786;control;8jB;True;False;False;;True;True;True;True
7878467;control;Hg;True;False;False;;True;True;True;True
7906883;control;8jB;True;False;False;;True;True;True;True
8061051;control;8jB;;False;False;;True;True;False;False
8079897;control;8jB;;False;False;;True;True;True;True
8111796;control;8jB;;False;False;;True;True;True;True
8112146;control;8jB;;False;False;;True;True;False;False
8212283;control;8jB;True;False;False;;True;True;True;True
8272971;control;wDD;;False;False;;True;True;True;True
8312167;control;Hg;;False;False;;True;True;True;True
8410090;control;8jB;;False;False;;True;True;True;True
8478885;control;8jB;;False;False;;True;True;True;True
8566105;control;Hg;;False;False;;True;True;True;True
8611610;control;Hg;;False;False;;True;True;True;True
8611772;control;8jB;True;False;False;;True;True;True;True
8673111;control;8jB;;False;False;;True;True;True;True
8681127;control;ceOxS;;False;False;;True;True;True;True
8701118;control;8jB;;False;False;;True;True;True;True
8877761;control;Hg;True;False;False;;True;True;True;True
8910784;control;8jB;;False;False;;True;True;True;True
8910987;control;wDD;;False;False;;True;True;True;True
8971777;control;Hg;;False;False;;True;True;True;True
8985109;control;HbsbG;True;False;False;;True;True;True;True
9011578;control;8jB;;False;False;;True;True;True;True
9115910;control;8jB;;False;False;;True;True;True;True
9711086;control;8jB;;False;False;;True;True;True;True
9812028;control;Hg;;False;False;;True;True;True;True
9816877;control;Hg;True;False;False;;True;True;True;True
9970781;control;8jB;;False;False;;True;True;True;True
