Household_ID;Survey_Building_Type;Survey_Building_LivingArea;Survey_Building_Residents;Survey_HeatPump_Installation_Type;Survey_HeatDistribution_System_FloorHeating;Survey_HeatDistribution_System_Radiator;Survey_DHW_Production_ByHeatPump;Survey_DHW_Production_ByElectricWaterHeater;Survey_DHW_Production_BySolar;Survey_Installation_HasDryer;Survey_Installation_HasFreezer;Survey_Installation_HasElectricVehicle
100120;house;130.0;2.0;air-source;False;True;True;;;False;True;
103721;house;160.0;2.0;ground-source;True;False;True;;;True;True;
104118;house;155.0;3.0;ground-source;True;False;;True;;True;True;
105714;house;140.0;3.0;air-source;True;False;True;;;False;True;
105807;house;250.0;2.0;ground-source;True;True;True;;;False;True;
105900;house;220.0;5.0;air-source;True;False;True;;;True;True;
106100;house;160.0;2.0;air-source;True;False;True;;;False;True;
107461;house;120.0;2.0;air-source;True;False;;True;;True;True;
108511;house;180.0;4.0;air-source;True;False;;True;;False;True;True
109104;house;110.0;5.0;air-source;False;True;;True;;True;True;
109711;house;200.0;2.0;ground-source;True;False;;True;;False;True;
111119;house;148.0;2.0;air-source;;;True;;;False;True;
111901;house;400.0;2.0;air-source;False;True;;True;;True;False;
112120;house;136.0;2.0;air-source;True;False;True;;;True;True;
112691;house;170.0;2.0;air-source;True;False;True;;;False;True;
112810;house;170.0;4.0;air-source;True;False;True;;;True;True;
114721;house;200.0;2.0;air-source;True;True;True;;;True;True;
114798;house;276.0;3.0;ground-source;False;True;True;;;True;True;True
116121;house;395.0;2.0;air-source;False;True;;True;;False;True;True
118117;house;180.0;2.0;ground-source;True;False;;True;;False;True;
118708;house;157.0;2.0;ground-source;True;False;True;;;True;True;True
119498;house;131.0;5.0;air-source;True;False;True;;;True;True;
120701;house;176.0;2.0;ground-source;True;False;True;;;True;True;
120741;house;140.0;2.0;air-source;True;False;True;;;False;True;
120912;house;150.0;1.0;ground-source;False;True;True;;;False;False;
121728;house;160.0;2.0;air-source;;;True;;;True;False;
121887;house;200.0;4.0;air-source;True;False;True;;;True;True;
122671;house;300.0;4.0;air-source;True;True;True;;;True;True;
122850;house;188.0;1.0;ground-source;True;False;;True;;True;True;
122887;house;232.0;3.0;air-source;True;False;True;;;True;True;True
190821;house;160.0;4.0;air-source;;;;;True;True;False;
310610;house;160.0;2.0;air-source;True;False;True;;;True;True;
417510;house;180.0;4.0;air-source;True;False;True;;;True;True;True
461104;house;200.0;2.0;air-source;True;False;True;;;True;True;
461158;house;224.0;2.0;ground-source;True;False;;True;;True;True;
468980;house;130.0;2.0;air-source;False;True;;;True;False;True;
477661;house;180.0;4.0;air-source;True;False;;True;;False;True;
512280;house;250.0;4.0;ground-source;True;False;True;;;True;True;
610891;house;300.0;4.0;air-source;True;False;True;;;True;True;
611629;house;98.0;2.0;air-source;False;True;True;;;True;True;True
658466;house;142.0;2.0;ground-source;True;False;True;;;True;False;
661091;house;165.0;2.0;ground-source;True;True;;True;;False;True;
669010;house;180.0;2.0;air-source;True;False;;True;;True;True;
671781;house;180.0;4.0;air-source;True;False;;True;;True;True;
679810;house;130.0;2.0;ground-source;True;False;True;;;False;True;True
680861;house;450.0;4.0;air-source;;;True;;;True;True;
706817;house;180.0;3.0;air-source;True;False;True;;;True;True;True
712718;house;180.0;2.0;ground-source;True;False;True;;;True;True;
716869;house;155.0;2.0;air-source;True;False;True;;;False;True;True
721074;house;134.0;1.0;air-source;True;False;True;;;True;True;
721077;house;;3.0;ground-source;True;False;True;;True;True;True;
727690;house;160.0;2.0;ground-source;False;True;True;;;True;True;
728210;house;160.0;2.0;ground-source;False;True;True;;;True;True;
747511;house;90.0;1.0;air-source;False;True;;True;;True;True;
751108;house;180.0;2.0;ground-source;True;False;;True;;True;True;
757271;house;150.0;2.0;ground-source;False;True;True;;;True;True;
760117;house;170.0;2.0;air-source;True;False;True;;;True;True;
767371;house;170.0;2.0;air-source;True;False;True;;;False;True;
768113;house;190.0;2.0;air-source;False;True;True;;;False;True;True
768498;appartment;150.0;2.0;air-source;True;False;True;;;True;True;
778721;house;222.0;3.0;ground-source;True;False;True;;;True;True;
781099;house;220.0;2.0;air-source;;;True;;;True;True;
788488;house;300.0;3.0;air-source;True;False;True;;;True;True;
796869;house;175.0;2.0;air-source;True;False;True;;;False;False;
801031;appartment;125.0;2.0;air-source;True;False;True;;;True;False;
808112;house;130.0;2.0;air-source;True;False;;True;;True;True;
808410;house;150.0;2.0;air-source;True;False;;True;;True;True;
811080;house;200.0;4.0;air-source;True;False;True;;;False;True;
821088;house;250.0;2.0;ground-source;True;False;True;;;True;True;
823761;house;160.0;2.0;air-source;True;False;True;;;True;True;
826780;house;150.0;4.0;ground-source;False;True;True;;;False;True;True
841211;house;104.0;2.0;air-source;True;True;True;;;True;True;True
858577;house;184.0;1.0;air-source;True;False;;True;;False;False;
861116;house;200.0;2.0;air-source;True;False;;;True;True;True;
865116;house;200.0;2.0;air-source;True;False;;True;;True;True;
868122;house;200.0;1.0;air-source;;;True;;;False;True;
876790;house;220.0;3.0;air-source;True;True;;True;;False;False;
881223;house;240.0;2.0;air-source;False;True;;True;;False;True;
971071;house;160.0;2.0;air-source;True;False;True;;;False;True;
991118;house;220.0;2.0;ground-source;True;False;;True;;True;True;
996610;house;166.0;2.0;air-source;True;False;;True;;True;True;
1001228;house;162.0;3.0;air-source;True;False;True;;;True;True;
1015877;house;160.0;2.0;air-source;False;True;;;True;False;True;
1019970;house;175.0;4.0;ground-source;True;False;True;;;True;True;
1037311;house;200.0;3.0;ground-source;True;False;True;;;False;True;
1037610;house;232.0;4.0;ground-source;True;False;True;;;True;True;
1061168;house;185.0;3.0;ground-source;True;False;True;;;True;False;
1071058;house;220.0;4.0;air-source;True;False;True;;;True;True;
1078861;house;200.0;2.0;ground-source;False;True;True;;;True;True;
1081057;house;200.0;4.0;ground-source;True;False;True;;;True;True;
1091217;house;150.0;6.0;ground-source;True;False;True;;;True;True;
1101758;house;192.0;2.0;ground-source;True;False;True;;;True;True;
1111201;house;220.0;4.0;air-source;True;True;;True;;True;True;
1137376;house;160.0;5.0;ground-source;True;False;;True;;True;True;
1141047;house;150.0;2.0;air-source;True;False;True;;;True;True;
1148611;house;200.0;3.0;ground-source;True;False;;True;;True;True;True
1159664;house;152.0;4.0;air-source;True;False;True;;;True;True;
1171127;house;180.0;6.0;air-source;True;True;True;;;True;True;
1191021;house;400.0;4.0;air-source;True;True;True;;;True;True;
1191127;house;200.0;4.0;air-source;True;False;True;;;True;False;True
1211151;house;120.0;4.0;ground-source;True;True;True;;;True;True;True
1228011;house;120.0;3.0;air-source;True;False;;True;;True;False;
2794690;house;140.0;6.0;air-source;True;False;True;;;True;True;
4710670;house;300.0;2.0;air-source;True;True;True;;;True;False;
5831058;house;120.0;4.0;air-source;;;True;;;True;False;
5845834;house;150.0;4.0;ground-source;True;False;True;;;True;False;True
6773102;house;195.0;4.0;air-source;;;True;;;True;False;
6808461;house;220.0;4.0;ground-source;True;False;True;;;True;True;
6885841;house;170.0;4.0;air-source;True;False;True;;;True;False;
6901131;house;200.0;4.0;air-source;True;False;;True;;True;True;
6981151;house;200.0;2.0;;True;True;;True;;False;True;
7048688;house;155.0;3.0;ground-source;True;False;;True;;True;True;True
7069411;house;220.0;4.0;air-source;True;False;True;;;True;True;True
7086681;house;150.0;2.0;air-source;;;True;;;True;True;
7211189;house;200.0;5.0;air-source;True;False;True;;;True;True;True
7374981;house;200.0;4.0;air-source;;;;True;;True;True;
7411010;house;180.0;4.0;air-source;True;False;True;;;True;False;
7411491;house;165.0;4.0;air-source;True;False;True;;;True;True;
7474976;house;180.0;2.0;air-source;False;True;True;;;True;True;
7679818;house;180.0;2.0;air-source;True;False;;True;;True;True;True
7710511;house;207.0;3.0;air-source;False;True;True;;;True;True;
7747482;house;190.0;2.0;ground-source;True;False;;True;;False;True;
7771161;house;150.0;3.0;air-source;False;True;True;;;True;True;True
7984107;house;120.0;2.0;air-source;True;True;True;;;True;True;True
8010411;house;150.0;2.0;air-source;;;True;;;False;True;
8087988;house;;;air-source;True;False;;True;;True;True;
8190108;house;160.0;4.0;air-source;True;False;True;;;True;True;
8280779;house;175.0;1.0;air-source;False;True;True;;;True;True;True
8773113;house;150.0;;;;;;;;;;
9073879;house;138.0;2.0;air-source;False;True;True;;;True;True;
9097838;house;150.0;5.0;ground-source;True;True;;True;;False;True;
9776611;house;160.0;3.0;air-source;True;False;True;;;True;True;
9889114;house;300.0;4.0;air-source;False;True;True;;;False;False;
9889190;house;120.0;4.0;ground-source;False;True;True;;;False;True;True
9981041;house;360.0;3.0;ground-source;True;False;True;;;False;True;
10266;house;240.0;2.0;air-source;False;True;True;;;True;True;True
100105;house;250.0;;ground-source;True;False;;True;;False;True;False
101797;house;185.0;2.0;ground-source;True;True;;True;;True;True;True
102106;house;236.0;2.0;air-source;True;False;True;;;True;True;False
102119;house;160.0;2.0;air-source;True;False;True;;;False;True;False
102310;house;280.0;2.0;air-source;True;False;True;;;False;True;False
103119;house;150.0;2.0;air-source;False;True;;True;;True;True;False
103724;house;110.0;2.0;air-source;False;True;True;;;True;True;False
103991;house;150.0;2.0;air-source;True;False;;True;;True;False;False
105113;house;142.0;2.0;air-source;True;False;;True;;False;True;True
105210;house;1116.0;2.0;air-source;True;True;;True;;True;False;True
105461;house;250.0;3.0;air-source;True;True;True;;;True;True;False
105697;house;250.0;4.0;air-source;True;False;;;True;True;True;False
106102;house;200.0;2.0;air-source;True;False;;True;;True;True;False
106109;house;110.0;2.0;ground-source;False;True;;True;;False;True;False
106310;house;110.0;2.0;air-source;False;True;;True;;False;True;False
106691;house;214.0;2.0;ground-source;True;False;True;;;False;True;False
106791;house;130.0;3.0;ground-source;True;True;True;;;True;True;
106841;house;200.0;2.0;ground-source;True;True;True;;;True;True;False
107719;house;186.0;2.0;air-source;True;False;;True;;False;True;False
108100;house;150.0;2.0;air-source;;;True;;;True;True;False
108757;house;200.0;3.0;ground-source;True;False;True;;;True;True;False
108798;house;140.0;2.0;ground-source;True;False;True;;;False;True;False
108849;house;250.0;2.0;ground-source;False;True;True;;;True;True;False
108927;house;112.0;2.0;ground-source;True;False;True;;;True;True;False
109073;house;100.0;2.0;ground-source;True;False;True;;;False;True;False
109107;house;180.0;3.0;air-source;True;False;True;;;True;True;False
109111;house;200.0;2.0;air-source;True;False;True;;;True;True;False
109677;house;450.0;2.0;air-source;True;True;;True;;True;True;False
109879;house;150.0;4.0;air-source;True;False;True;;;True;True;False
110411;house;200.0;3.0;ground-source;True;False;;;True;True;True;True
110766;house;150.0;1.0;air-source;True;False;True;;;True;True;False
110810;house;190.0;2.0;air-source;True;False;True;;;True;True;True
111387;house;142.0;2.0;air-source;True;False;True;;;True;True;False
111651;house;150.0;2.0;air-source;True;False;;True;;True;True;False
112110;house;160.0;2.0;ground-source;True;True;True;;;True;True;False
112122;house;292.0;3.0;air-source;False;True;True;;;True;True;True
113116;house;177.0;2.0;air-source;True;False;;True;;False;True;False
113817;house;150.0;2.0;ground-source;False;True;True;;;False;True;False
113987;house;160.0;3.0;ground-source;True;False;;True;;True;True;False
114104;house;280.0;2.0;ground-source;True;False;True;;;False;True;True
114119;house;160.0;2.0;ground-source;True;False;True;;;True;True;False
114677;house;165.0;2.0;air-source;;;True;;;True;True;True
114791;house;240.0;3.0;air-source;True;False;;True;;True;True;False
114810;house;180.0;2.0;air-source;True;False;;True;;True;True;False
116117;house;200.0;2.0;ground-source;True;False;;True;;True;True;True
116310;house;164.0;4.0;ground-source;True;False;True;;;False;True;False
116977;house;135.0;3.0;air-source;;;True;;;False;False;False
117010;house;120.0;5.0;air-source;False;True;True;;;True;True;False
117105;house;131.0;2.0;ground-source;False;True;True;;;True;True;False
118101;house;170.0;2.0;ground-source;True;False;True;;;False;True;False
118114;house;190.0;4.0;air-source;True;False;True;;;True;True;True
119117;house;125.0;1.0;ground-source;False;True;;True;;True;True;False
119122;house;180.0;2.0;ground-source;True;False;;True;;False;True;False
119461;house;170.0;2.0;air-source;True;False;;;;True;True;False
119781;house;150.0;4.0;ground-source;True;False;True;;;True;True;False
119816;house;230.0;2.0;air-source;True;False;True;;;True;True;False
120461;house;;3.0;air-source;False;True;True;;;True;True;False
120871;house;160.0;5.0;ground-source;True;False;;True;;True;True;False
120901;house;180.0;1.0;ground-source;True;True;;True;;False;True;False
121046;house;150.0;2.0;air-source;True;False;;True;;True;True;False
121701;house;200.0;2.0;air-source;False;True;True;;;True;True;False
121778;house;150.0;2.0;air-source;False;True;True;;;True;True;False
121876;house;130.0;2.0;ground-source;False;True;True;;;True;True;False
122108;house;160.0;5.0;ground-source;True;False;True;;;True;False;False
128268;house;;3.0;ground-source;True;False;True;;;True;True;False
279461;house;250.0;2.0;ground-source;True;False;True;;;True;True;True
287100;house;210.0;2.0;ground-source;True;True;True;;;False;True;False
298120;house;400.0;4.0;ground-source;True;False;True;;;True;True;False
311110;house;150.0;2.0;air-source;False;True;True;;;False;True;True
382698;house;530.0;2.0;ground-source;True;True;True;;;True;True;False
419075;house;100.0;2.0;ground-source;False;True;True;;;True;True;False
461101;house;100.0;3.0;air-source;True;True;True;;;True;True;True
461226;house;120.0;2.0;air-source;False;True;;True;;False;True;True
466710;house;220.0;2.0;air-source;True;False;True;;;False;True;False
466866;house;200.0;3.0;ground-source;True;True;;True;;True;True;False
467969;house;400.0;4.0;air-source;True;False;True;;;True;True;False
469790;house;165.0;3.0;ground-source;True;False;True;;;True;True;False
481791;house;138.0;1.0;air-source;True;False;;True;;False;False;True
508846;house;150.0;2.0;ground-source;True;True;;;True;False;True;False
582662;house;260.0;2.0;air-source;True;True;True;;;False;True;False
611610;house;150.0;2.0;air-source;False;True;;True;;True;True;False
654611;house;150.0;3.0;air-source;True;False;;;True;True;True;False
676510;house;150.0;3.0;air-source;False;True;;;True;False;True;False
676890;house;180.0;2.0;ground-source;True;False;True;;;True;True;True
677172;house;180.0;2.0;ground-source;True;False;True;;;False;True;False
678103;house;180.0;2.0;ground-source;True;False;True;;;False;True;True
681103;house;250.0;2.0;ground-source;True;False;;True;;True;True;False
683654;house;200.0;3.0;air-source;False;True;True;;;True;True;False
684461;house;165.0;4.0;air-source;True;False;True;;;True;True;False
688105;house;250.0;3.0;ground-source;False;True;True;;;False;True;False
688310;house;125.0;2.0;ground-source;True;False;True;;;False;True;False
688411;house;125.0;2.0;air-source;True;True;True;;;True;False;False
689878;house;143.0;5.0;air-source;True;True;;True;;True;True;False
691171;house;260.0;2.0;air-source;True;False;;True;;True;True;True
697998;house;130.0;2.0;ground-source;True;False;True;;;False;True;True
700484;house;187.0;3.0;ground-source;True;False;;True;;False;True;False
708210;house;300.0;4.0;air-source;True;True;True;;;True;True;False
708499;house;160.0;1.0;air-source;True;False;True;;;True;False;True
710210;house;400.0;1.0;air-source;True;False;;;;True;True;False
711910;house;230.0;4.0;ground-source;True;True;;True;;False;True;False
716890;house;160.0;4.0;air-source;True;False;True;;;True;True;False
717486;house;160.0;2.0;air-source;False;True;True;;;True;True;False
719010;house;250.0;2.0;air-source;True;False;;True;;True;True;False
725101;house;160.0;2.0;air-source;True;False;True;;;False;False;False
727576;house;200.0;3.0;air-source;True;False;;True;;True;True;True
738311;house;160.0;3.0;air-source;True;False;;True;;True;True;False
738870;house;200.0;2.0;ground-source;True;True;True;;;True;True;False
741169;house;200.0;4.0;ground-source;True;False;True;;;True;True;False
747510;house;170.0;2.0;air-source;True;False;True;;;True;True;False
751078;house;180.0;2.0;ground-source;False;True;True;;;True;True;False
759747;house;208.0;4.0;air-source;True;False;True;;;False;True;True
761118;house;217.0;2.0;air-source;True;False;;;True;True;True;False
768078;house;160.0;2.0;ground-source;True;False;True;;;False;True;False
771031;house;110.0;2.0;air-source;True;False;;True;;True;True;False
771036;house;180.0;2.0;ground-source;False;True;;;True;True;True;False
775840;house;275.0;2.0;ground-source;True;True;True;;;True;True;True
781011;house;150.0;4.0;air-source;True;False;True;;;True;True;False
801001;house;200.0;2.0;air-source;True;False;True;;;True;True;False
801209;house;240.0;4.0;air-source;True;False;;;True;True;True;True
807356;house;110.0;2.0;ground-source;True;False;True;;;True;True;False
810510;house;150.0;1.0;ground-source;True;False;True;;;True;True;False
812127;house;230.0;2.0;ground-source;True;False;True;;;False;True;True
812183;house;120.0;2.0;air-source;True;True;True;;;False;True;True
817178;house;200.0;4.0;ground-source;True;False;True;;;True;True;False
827183;house;280.0;1.0;ground-source;True;False;True;;;False;True;False
828110;house;250.0;2.0;ground-source;True;False;True;;;True;True;False
828710;house;229.0;2.0;ground-source;True;True;True;;;True;True;False
838351;house;;2.0;ground-source;True;False;;True;;True;True;True
841087;house;220.0;3.0;air-source;True;False;True;;;True;True;False
841184;house;340.0;2.0;air-source;True;True;;True;;True;True;True
847111;house;198.0;4.0;air-source;True;False;True;;;True;True;False
847480;house;140.0;2.0;air-source;True;False;True;;;False;True;False
847678;house;240.0;5.0;air-source;True;False;True;;;True;True;False
850210;house;140.0;2.0;ground-source;True;False;True;;;True;False;False
851017;house;400.0;4.0;ground-source;True;False;True;;;False;True;True
851058;house;100.0;2.0;ground-source;False;True;;;True;False;True;False
856765;house;170.0;2.0;air-source;True;False;True;;;True;True;False
856810;house;168.0;2.0;ground-source;True;False;True;;;False;True;False
859770;house;300.0;4.0;ground-source;False;True;True;;;True;True;False
861151;house;150.0;2.0;air-source;True;False;True;;;True;True;False
872117;house;600.0;2.0;ground-source;True;True;;True;;True;True;True
878751;house;130.0;2.0;ground-source;False;True;True;;;True;True;False
879894;house;180.0;4.0;ground-source;True;False;;True;;True;True;True
884673;house;500.0;3.0;ground-source;True;False;True;;;True;True;False
887911;house;189.0;2.0;air-source;True;False;True;;;True;True;False
888888;house;;2.0;air-source;True;False;True;True;;True;True;False
897166;house;185.0;2.0;ground-source;True;False;True;;;False;True;False
897237;house;180.0;4.0;air-source;True;False;;True;;True;True;True
897410;house;200.0;4.0;air-source;True;True;True;;;True;True;False
901207;house;200.0;4.0;ground-source;True;False;True;;;True;True;
908510;house;195.0;3.0;ground-source;False;True;True;;;True;True;True
966771;house;180.0;3.0;air-source;True;False;;True;;True;True;False
970807;house;200.0;2.0;ground-source;True;False;True;;;True;True;False
971044;house;200.0;2.0;air-source;False;True;True;;;True;True;False
971151;house;300.0;4.0;air-source;True;False;;True;;True;True;False
984977;house;;3.0;ground-source;True;False;True;;;True;True;False
987611;house;140.0;2.0;air-source;True;True;True;;;True;True;True
988311;house;140.0;3.0;ground-source;True;False;;True;;True;True;True
991158;house;225.0;5.0;ground-source;True;False;True;;;True;True;False
995696;house;200.0;4.0;ground-source;True;False;True;;;True;True;True
997610;house;200.0;2.0;ground-source;True;False;;True;;True;True;False
1001121;house;130.0;2.0;air-source;True;False;;True;;True;True;False
1001188;house;230.0;2.0;ground-source;True;False;True;;;False;True;False
1006811;house;240.0;4.0;air-source;True;False;;True;;True;True;False
1007079;house;200.0;2.0;ground-source;True;False;True;;;False;True;False
1009851;house;163.0;3.0;ground-source;True;False;;True;;True;True;False
1011091;house;235.0;4.0;air-source;True;False;True;;;True;True;True
1017510;house;240.0;4.0;air-source;True;False;;True;;True;True;True
1020729;house;250.0;4.0;air-source;True;True;True;;;True;True;False
1038167;house;300.0;2.0;air-source;True;False;True;;;True;True;True
1041141;house;200.0;3.0;air-source;True;False;;True;;True;True;False
1056907;house;240.0;4.0;air-source;True;False;True;;;True;True;False
1057211;house;276.0;2.0;ground-source;False;True;True;;;True;True;False
1061006;house;120.0;3.0;air-source;False;True;;True;;False;False;False
1061228;house;280.0;3.0;air-source;True;False;;True;;True;True;True
1065698;house;172.0;2.0;ground-source;True;True;;True;;True;True;False
1066796;house;300.0;2.0;ground-source;True;False;True;;;True;True;True
1073767;house;250.0;4.0;air-source;True;False;True;;;True;True;False
1075697;house;180.0;4.0;ground-source;True;False;;True;;True;True;False
1079731;house;180.0;4.0;ground-source;False;True;True;;;True;True;False
1088228;house;223.0;2.0;air-source;True;True;;True;;True;True;False
1090081;house;180.0;4.0;air-source;;;True;;;True;True;False
1101068;house;180.0;4.0;air-source;True;False;True;;;True;True;False
1101151;house;150.0;4.0;air-source;True;False;True;;;True;True;False
1101186;house;206.0;4.0;ground-source;True;False;True;;;True;True;True
1111228;house;160.0;4.0;air-source;True;False;;True;;True;True;False
1118211;house;310.0;5.0;air-source;True;False;True;;;True;True;True
1121071;house;210.0;4.0;ground-source;True;False;;True;;True;True;False
1121081;house;220.0;4.0;air-source;True;False;;True;;True;True;False
1141091;house;160.0;5.0;air-source;True;True;True;;;True;True;False
1141141;house;180.0;4.0;ground-source;True;False;True;;;True;True;False
1147810;house;180.0;4.0;air-source;True;False;True;;;True;True;False
1151067;house;150.0;4.0;air-source;False;True;True;;;True;True;False
1158778;house;250.0;5.0;ground-source;True;False;;True;;True;True;True
1191088;house;217.0;4.0;ground-source;True;False;;True;;True;True;True
1193858;house;125.0;3.0;ground-source;False;True;True;;;True;True;False
1197401;house;100.0;5.0;air-source;True;False;True;;;True;False;
1199104;house;140.0;4.0;air-source;True;False;;True;;True;True;False
1214111;house;180.0;4.0;ground-source;True;False;True;;;True;True;
1218377;house;150.0;2.0;air-source;False;True;;True;;False;True;False
1223661;house;200.0;4.0;air-source;True;False;;True;;True;True;False
1228100;house;200.0;4.0;ground-source;False;True;True;;;False;True;False
1228211;house;175.0;4.0;ground-source;True;False;True;;;True;True;False
2887690;house;250.0;4.0;air-source;True;False;True;;;True;True;False
3699704;house;156.0;4.0;air-source;True;False;True;;;True;True;False
4115111;house;150.0;4.0;ground-source;True;False;True;;;True;True;False
4675977;house;200.0;3.0;ground-source;False;True;True;;;True;True;False
4911611;house;160.0;2.0;air-source;True;False;True;;;False;True;False
5102111;house;196.0;4.0;air-source;True;False;True;;;True;True;False
6512274;house;280.0;5.0;ground-source;True;False;True;;;True;True;
6577811;house;200.0;4.0;air-source;True;False;;True;;True;True;True
6697809;house;140.0;4.0;air-source;False;True;True;;;True;True;False
7011879;house;260.0;4.0;air-source;True;True;True;;;True;True;False
7046666;house;180.0;;ground-source;True;False;True;;;True;True;True
7115691;house;120.0;4.0;air-source;False;True;True;;;False;True;True
7179878;house;233.0;4.0;ground-source;True;False;True;;;True;True;False
7211375;house;106.0;4.0;air-source;True;False;;True;;True;True;False
7286748;house;196.0;4.0;ground-source;True;False;;True;;True;True;False
7437311;house;400.0;5.0;ground-source;True;False;True;;;True;True;False
7510211;house;320.0;2.0;ground-source;True;True;True;;;True;True;False
7569701;house;300.0;3.0;ground-source;True;False;True;;;True;True;True
7612088;house;120.0;3.0;air-source;True;False;;;;False;False;False
7710311;house;150.0;2.0;air-source;;;True;;;True;False;False
7710710;house;200.0;3.0;air-source;True;True;True;;;True;True;False
7810010;house;170.0;4.0;ground-source;True;False;;True;;True;True;False
7811599;house;200.0;4.0;air-source;False;True;;True;;True;True;False
7846661;house;185.0;4.0;air-source;;;True;;;True;True;False
7873107;house;150.0;2.0;air-source;True;False;True;;;True;True;True
7873786;house;300.0;3.0;ground-source;True;False;True;;;True;True;True
7878467;house;240.0;4.0;air-source;True;False;True;;;True;True;True
7906883;house;;5.0;air-source;False;True;True;;;False;True;False
8061051;house;170.0;4.0;air-source;True;False;True;;;True;True;True
8079897;house;125.0;2.0;air-source;False;True;;True;;False;True;False
8111796;house;100.0;4.0;air-source;False;True;;;;True;True;False
8112146;house;180.0;3.0;air-source;True;False;;True;;True;True;False
8212283;house;400.0;4.0;ground-source;True;False;True;;;True;True;False
8272971;house;200.0;2.0;air-source;True;False;;True;;True;True;False
8312167;house;114.0;3.0;air-source;True;False;True;;;True;True;False
8410090;house;160.0;4.0;ground-source;True;False;True;;;True;True;False
8478885;house;200.0;2.0;ground-source;True;False;True;;;True;True;True
8566105;house;200.0;4.0;air-source;False;True;;True;;True;True;False
8611610;house;250.0;2.0;air-source;True;False;True;;;True;False;True
8611772;house;150.0;4.0;air-source;True;False;True;;;True;True;True
8673111;house;142.0;;air-source;True;False;;True;;False;True;False
8681127;house;160.0;2.0;air-source;;;;True;;True;True;False
8701118;house;280.0;3.0;ground-source;True;False;True;;;True;True;False
8877761;house;140.0;4.0;air-source;True;False;;True;;True;True;False
8910784;house;178.0;2.0;air-source;True;False;;True;;True;True;False
8910987;house;275.0;2.0;ground-source;True;False;True;;;True;True;False
8971777;house;175.0;2.0;air-source;True;False;True;;;True;True;False
8985109;house;300.0;5.0;ground-source;True;False;True;;;False;True;False
9011578;house;150.0;4.0;air-source;True;False;True;;;False;True;False
9115910;house;150.0;2.0;air-source;False;True;True;;;True;True;False
9711086;house;140.0;2.0;air-source;True;False;;True;;True;True;False
9812028;house;225.0;4.0;ground-source;False;True;True;;;True;True;False
9816877;house;190.0;4.0;air-source;True;False;True;;;True;True;False
9970781;house;170.0;2.0;air-source;True;False;True;;;True;False;False
