Household_ID;SMD_15min_TimeAvailable_EarliestTimestamp;SMD_15min_TimeAvailable_LatestTimestamp;SMD_15min_TimeAvailable_NumberDays;SMD_15min_TimeAvailable_DaysBeforeVisit;SMD_15min_TimeAvailable_DaysAfterVisit;SMD_15min_MeasurementsAvailable_Total;SMD_15min_MeasurementsAvailable_HeatPump;SMD_15min_MeasurementsAvailable_Other
100120;2021-11-27 00:00:00+00:00;2024-02-27 23:45:00+00:00;790;713;76;True;False;False
103721;2021-04-23 00:00:00+00:00;2024-02-27 23:45:00+00:00;1039;641;397;True;False;False
104118;2022-05-03 00:00:00+00:00;2023-08-02 23:45:00+00:00;456;456;0;True;False;False
105714;2022-06-08 00:00:00+00:00;2024-02-27 23:45:00+00:00;628;543;84;True;False;False
105807;2020-10-01 00:00:00+00:00;2024-02-27 23:45:00+00:00;1241;460;780;True;False;False
105900;2021-10-26 00:00:00+00:00;2024-02-27 23:45:00+00:00;537;0;537;True;False;False
106100;2022-02-16 00:00:00+00:00;2024-02-27 23:45:00+00:00;740;245;494;True;False;False
107114;2020-03-31 00:00:00+00:00;2024-02-27 23:45:00+00:00;1416;37;1378;True;False;False
107461;2022-05-02 00:00:00+00:00;2024-02-16 23:45:00+00:00;586;169;416;True;False;False
108511;2021-12-16 00:00:00+00:00;2024-02-27 23:45:00+00:00;802;25;776;True;True;True
108987;2022-10-04 00:00:00+00:00;2024-02-27 23:45:00+00:00;510;0;510;True;False;False
109104;2020-12-09 00:00:00+00:00;2024-02-26 23:45:00+00:00;1173;477;695;True;False;False
109711;2022-03-18 00:00:00+00:00;2024-02-27 23:45:00+00:00;710;0;710;True;False;False
111119;2019-11-19 00:00:00+00:00;2024-02-27 23:45:00+00:00;1548;753;0;True;False;False
111901;2023-02-14 00:00:00+00:00;2024-02-27 23:45:00+00:00;320;298;21;True;False;False
112120;2020-06-05 00:00:00+00:00;2024-02-27 23:45:00+00:00;1285;913;371;True;False;False
112691;2022-05-05 00:00:00+00:00;2024-01-23 23:45:00+00:00;352;352;0;True;False;False
112810;2021-09-02 00:00:00+00:00;2024-02-27 23:45:00+00:00;855;302;552;True;False;False
114671;2022-03-12 00:00:00+00:00;2023-11-16 23:45:00+00:00;578;0;578;True;True;True
114721;2019-12-03 00:00:00+00:00;2024-02-27 23:45:00+00:00;1522;754;767;True;False;False
114798;2020-12-16 00:00:00+00:00;2024-02-25 23:45:00+00:00;1083;397;685;True;False;False
116121;2020-10-01 00:00:00+00:00;2024-02-27 23:45:00+00:00;1239;474;765;True;False;False
118117;2021-01-19 00:00:00+00:00;2024-02-27 23:45:00+00:00;1132;150;981;True;False;False
118708;2020-05-03 00:00:00+00:00;2024-02-27 23:45:00+00:00;1393;591;801;True;False;False
119498;2022-12-10 00:00:00+00:00;2024-02-27 23:45:00+00:00;434;346;87;True;False;False
120701;2022-07-20 00:00:00+00:00;2024-02-27 23:45:00+00:00;572;0;572;True;False;False
120741;2020-11-07 00:00:00+00:00;2024-02-27 23:45:00+00:00;1206;438;767;True;False;False
120912;2019-11-12 00:00:00+00:00;2020-01-16 23:45:00+00:00;66;66;0;True;True;True
121728;2019-11-03 00:00:00+00:00;2024-02-27 23:45:00+00:00;1560;794;765;True;False;False
121887;2022-08-31 00:00:00+00:00;2024-02-27 23:45:00+00:00;385;23;362;True;False;False
122671;2023-02-11 00:00:00+00:00;2024-02-27 23:45:00+00:00;381;299;81;True;False;False
122850;2021-08-29 00:00:00+00:00;2024-02-27 23:45:00+00:00;911;288;622;True;False;False
122887;2021-02-24 00:00:00+00:00;2024-02-27 23:45:00+00:00;1097;728;368;True;False;False
190821;2020-08-12 00:00:00+00:00;2024-02-27 23:45:00+00:00;1291;0;1291;True;False;False
310610;2021-06-16 00:00:00+00:00;2024-02-27 23:45:00+00:00;958;887;70;True;False;False
417510;2022-02-17 00:00:00+00:00;2024-02-14 23:45:00+00:00;656;651;5;True;False;False
461089;2020-03-20 00:00:00+00:00;2024-02-27 23:45:00+00:00;1427;0;1427;True;False;False
461104;2021-08-30 00:00:00+00:00;2024-02-27 23:45:00+00:00;775;289;485;True;False;False
461158;2022-04-03 00:00:00+00:00;2024-02-27 23:45:00+00:00;694;318;375;True;False;False
468646;2022-05-04 00:00:00+00:00;2024-02-27 23:45:00+00:00;663;0;663;True;False;False
468980;2020-10-24 00:00:00+00:00;2024-02-27 23:45:00+00:00;1217;817;399;True;False;False
477661;2021-11-17 00:00:00+00:00;2024-02-27 23:45:00+00:00;818;746;71;True;False;False
512280;2020-03-28 00:00:00+00:00;2024-02-27 23:45:00+00:00;1425;670;754;True;False;False
610891;2021-01-20 00:00:00+00:00;2024-02-25 23:45:00+00:00;1052;534;517;True;True;True
611629;2020-12-22 00:00:00+00:00;2024-02-27 23:45:00+00:00;889;798;90;True;False;False
658466;2021-04-08 00:00:00+00:00;2024-02-27 23:45:00+00:00;968;624;343;True;False;False
661091;2022-04-14 00:00:00+00:00;2024-02-27 23:45:00+00:00;683;0;683;True;False;False
669010;2022-01-31 00:00:00+00:00;2024-02-27 23:45:00+00:00;756;371;384;True;False;False
671781;2022-11-15 00:00:00+00:00;2024-02-27 23:45:00+00:00;464;0;464;True;False;False
679810;2021-01-03 00:00:00+00:00;2024-02-27 23:45:00+00:00;1146;714;431;True;False;False
680861;2019-11-18 00:00:00+00:00;2024-02-27 23:45:00+00:00;607;91;515;True;True;True
706817;2021-04-18 00:00:00+00:00;2024-02-27 23:45:00+00:00;1044;680;363;True;False;False
712718;2021-01-20 00:00:00+00:00;2024-02-27 23:45:00+00:00;1121;703;417;True;False;False
716869;2020-12-12 00:00:00+00:00;2024-02-27 23:45:00+00:00;1171;355;815;True;False;False
721074;2021-02-22 00:00:00+00:00;2024-02-27 23:45:00+00:00;1098;679;418;True;False;False
721077;2021-01-10 00:00:00+00:00;2024-02-27 23:45:00+00:00;1139;762;376;True;False;False
727690;2022-07-27 00:00:00+00:00;2024-01-25 23:45:00+00:00;521;189;331;True;False;False
728210;2023-01-13 00:00:00+00:00;2024-02-27 23:45:00+00:00;410;0;410;True;False;False
731201;2021-11-08 00:00:00+00:00;2024-02-27 23:45:00+00:00;538;0;538;True;False;False
747511;2020-12-16 00:00:00+00:00;2024-02-27 23:45:00+00:00;1160;345;814;False;True;False
751108;2022-11-22 00:00:00+00:00;2024-02-27 23:45:00+00:00;462;391;70;True;False;False
757271;2023-02-13 00:00:00+00:00;2024-02-27 23:45:00+00:00;379;274;104;True;False;False
760117;2021-02-20 00:00:00+00:00;2024-02-27 23:45:00+00:00;1100;696;403;True;False;False
761079;2020-03-07 00:00:00+00:00;2024-02-27 23:45:00+00:00;1398;0;1398;True;True;True
767371;2022-12-30 00:00:00+00:00;2024-02-27 23:45:00+00:00;424;327;96;True;False;False
768113;2021-08-29 00:00:00+00:00;2024-02-27 23:45:00+00:00;906;281;624;True;False;False
768498;2020-11-04 00:00:00+00:00;2022-03-16 23:45:00+00:00;496;440;55;False;True;False
778721;2021-02-20 00:00:00+00:00;2024-02-27 23:45:00+00:00;1101;683;417;True;True;True
781099;2020-02-27 00:00:00+00:00;2024-02-27 23:45:00+00:00;1453;645;807;True;False;False
788488;2021-08-27 00:00:00+00:00;2024-02-27 23:45:00+00:00;599;358;240;True;False;False
796869;2021-04-19 00:00:00+00:00;2024-02-27 23:45:00+00:00;1043;650;392;True;False;False
801031;2021-06-28 00:00:00+00:00;2024-02-27 23:45:00+00:00;955;856;98;True;False;False
808112;2020-03-03 00:00:00+00:00;2024-02-27 23:45:00+00:00;1451;711;739;True;False;False
808410;2023-03-24 00:00:00+00:00;2024-02-16 23:45:00+00:00;78;60;17;True;False;False
811080;2021-04-25 00:00:00+00:00;2024-02-27 23:45:00+00:00;1037;625;411;True;False;False
815461;2020-10-12 00:00:00+00:00;2024-02-25 23:45:00+00:00;1148;458;689;True;False;False
816910;2021-01-24 00:00:00+00:00;2024-02-27 23:45:00+00:00;895;392;502;True;True;True
821088;2021-04-28 00:00:00+00:00;2024-02-27 23:45:00+00:00;1034;636;397;True;False;False
823761;2019-11-16 00:00:00+00:00;2024-02-27 23:45:00+00:00;1548;799;748;True;False;False
826780;2021-11-08 00:00:00+00:00;2024-02-27 23:45:00+00:00;840;0;840;True;False;False
841211;2021-10-11 00:00:00+00:00;2023-09-25 23:45:00+00:00;711;711;0;True;False;False
858577;2021-01-20 00:00:00+00:00;2024-02-27 23:45:00+00:00;1125;545;579;True;False;False
861116;2020-05-26 00:00:00+00:00;2024-02-27 23:45:00+00:00;1367;590;776;True;False;False
865116;2021-09-21 00:00:00+00:00;2024-02-13 23:45:00+00:00;747;263;484;True;False;False
868122;2019-11-12 00:00:00+00:00;2024-02-27 23:45:00+00:00;1535;724;810;True;False;False
876790;2021-09-09 00:00:00+00:00;2024-02-27 23:45:00+00:00;900;887;12;True;False;False
881223;2020-11-01 00:00:00+00:00;2024-02-27 23:45:00+00:00;1212;408;803;True;False;False
971071;2019-11-14 00:00:00+00:00;2024-02-27 23:45:00+00:00;1565;798;766;True;False;False
991118;2019-11-12 00:00:00+00:00;2024-02-27 23:45:00+00:00;1567;1063;503;True;False;False
996610;2021-11-26 00:00:00+00:00;2024-02-27 23:45:00+00:00;775;66;708;False;True;False
1001228;2022-06-29 00:00:00+00:00;2023-08-26 23:45:00+00:00;300;66;233;True;False;False
1015877;2021-10-11 00:00:00+00:00;2024-02-27 23:45:00+00:00;864;856;7;True;False;False
1019970;2020-06-07 00:00:00+00:00;2024-02-27 23:45:00+00:00;1359;640;718;True;False;False
1037311;2020-11-17 00:00:00+00:00;2024-02-27 23:45:00+00:00;1163;423;739;True;False;False
1037610;2020-10-01 00:00:00+00:00;2024-02-27 23:45:00+00:00;1239;438;800;True;False;False
1061168;2020-10-01 00:00:00+00:00;2023-11-08 23:45:00+00:00;995;419;575;True;False;False
1071058;2021-04-05 00:00:00+00:00;2024-02-27 23:45:00+00:00;1057;614;442;True;False;False
1078861;2022-03-12 00:00:00+00:00;2023-10-12 23:45:00+00:00;399;0;399;True;False;False
1081057;2020-11-15 00:00:00+00:00;2024-02-27 23:45:00+00:00;1198;436;761;True;False;False
1091217;2021-04-25 00:00:00+00:00;2024-02-27 23:45:00+00:00;1036;598;437;True;False;False
1101758;2019-12-22 00:00:00+00:00;2024-02-27 23:45:00+00:00;1518;771;746;True;False;False
1111201;2021-10-12 00:00:00+00:00;2024-02-27 23:45:00+00:00;864;375;488;True;False;False
1137376;2019-05-20 00:00:00+00:00;2024-02-27 23:45:00+00:00;1675;8;1666;True;False;False
1141047;2022-11-17 00:00:00+00:00;2024-02-27 23:45:00+00:00;467;467;0;True;False;False
1148611;2020-02-19 00:00:00+00:00;2024-02-27 23:45:00+00:00;1361;649;711;True;False;False
1159664;2022-11-22 00:00:00+00:00;2024-02-18 23:45:00+00:00;453;90;362;True;False;False
1171127;2020-11-01 00:00:00+00:00;2024-02-27 23:45:00+00:00;1108;1009;98;True;False;False
1191021;2022-12-08 00:00:00+00:00;2024-02-27 23:45:00+00:00;403;367;35;True;False;False
1191127;2023-05-08 00:00:00+00:00;2024-02-27 23:45:00+00:00;295;0;295;True;False;False
1211151;2021-08-25 00:00:00+00:00;2024-02-27 23:45:00+00:00;909;448;460;True;False;False
1228011;2022-04-21 00:00:00+00:00;2024-02-27 23:45:00+00:00;676;0;676;True;False;False
2794690;2020-10-31 00:00:00+00:00;2024-02-27 23:45:00+00:00;1213;417;795;True;False;False
4710670;2020-12-09 00:00:00+00:00;2024-02-27 23:45:00+00:00;1152;356;795;True;False;False
5769106;2022-07-26 00:00:00+00:00;2024-02-27 23:45:00+00:00;580;129;450;True;False;False
5831058;2021-01-22 00:00:00+00:00;2024-02-27 23:45:00+00:00;1118;718;399;True;False;False
5845834;2022-06-27 00:00:00+00:00;2024-02-27 23:45:00+00:00;556;95;460;True;False;False
6569121;2022-03-11 00:00:00+00:00;2024-02-27 23:45:00+00:00;717;0;717;True;False;False
6773102;2020-02-27 00:00:00+00:00;2024-02-27 23:45:00+00:00;1437;641;795;True;False;False
6808461;2020-12-08 00:00:00+00:00;2024-02-27 23:45:00+00:00;1175;356;818;True;False;False
6885841;2020-06-03 00:00:00+00:00;2023-12-12 23:45:00+00:00;1285;565;719;True;False;False
6901131;2022-10-02 00:00:00+00:00;2024-02-27 23:45:00+00:00;501;396;104;True;False;False
6981151;2021-04-05 00:00:00+00:00;2024-02-27 23:45:00+00:00;1057;157;899;True;False;False
7048688;2020-10-01 00:00:00+00:00;2024-02-27 23:45:00+00:00;980;464;516;True;False;False
7069411;2021-01-20 00:00:00+00:00;2024-02-27 23:45:00+00:00;1132;700;431;True;True;True
7086681;2020-05-02 00:00:00+00:00;2024-02-27 23:45:00+00:00;1394;579;814;True;False;False
7099511;2022-07-14 00:00:00+00:00;2024-02-27 23:45:00+00:00;290;54;236;True;False;False
7146661;2023-01-04 00:00:00+00:00;2024-02-27 23:45:00+00:00;417;396;20;True;False;False
7211010;2022-07-29 00:00:00+00:00;2024-02-27 23:45:00+00:00;577;114;462;True;False;False
7211189;2021-01-22 00:00:00+00:00;2024-02-27 23:45:00+00:00;1130;717;412;True;False;False
7374981;2020-12-17 00:00:00+00:00;2024-02-27 23:45:00+00:00;1157;374;782;True;False;False
7411010;2019-11-28 00:00:00+00:00;2024-02-27 23:45:00+00:00;1551;795;755;True;False;False
7411491;2021-01-19 00:00:00+00:00;2024-02-27 23:45:00+00:00;1132;689;442;True;False;False
7412010;2020-07-25 00:00:00+00:00;2024-02-27 23:45:00+00:00;1304;417;886;True;True;True
7474976;2020-03-26 00:00:00+00:00;2024-02-27 23:45:00+00:00;1107;1077;29;True;False;False
7679818;2021-10-12 00:00:00+00:00;2024-02-27 23:45:00+00:00;821;745;75;True;False;False
7710511;2020-10-01 00:00:00+00:00;2024-02-27 23:45:00+00:00;1237;485;751;True;False;False
7747482;2023-01-20 00:00:00+00:00;2024-02-20 23:45:00+00:00;382;311;70;True;False;False
7771161;2021-08-16 00:00:00+00:00;2024-02-27 23:45:00+00:00;889;439;449;True;False;False
7984107;2021-05-04 00:00:00+00:00;2024-02-27 23:45:00+00:00;712;476;236;True;False;False
8010411;2020-11-21 00:00:00+00:00;2024-02-27 23:45:00+00:00;1125;357;768;True;False;False
8087988;2023-02-06 00:00:00+00:00;2024-02-27 23:45:00+00:00;386;197;0;True;False;False
8190108;2022-01-29 00:00:00+00:00;2024-02-27 23:45:00+00:00;758;669;88;True;False;False
8280779;2022-04-20 00:00:00+00:00;2024-02-27 23:45:00+00:00;677;669;7;True;False;False
8399121;2022-01-08 00:00:00+00:00;2024-02-27 23:45:00+00:00;476;213;262;True;False;False
8612210;2022-07-26 00:00:00+00:00;2024-02-27 23:45:00+00:00;580;106;473;True;False;False
8773113;2022-11-15 00:00:00+00:00;2024-02-27 23:45:00+00:00;468;399;68;True;False;False
9073879;2023-11-20 00:00:00+00:00;2024-02-27 23:45:00+00:00;100;50;49;True;False;False
9097838;2021-07-29 00:00:00+00:00;2024-02-27 23:45:00+00:00;942;907;34;True;False;False
9776611;2020-10-01 00:00:00+00:00;2024-02-27 23:45:00+00:00;1243;484;758;True;False;False
9889114;2021-04-01 00:00:00+00:00;2023-09-22 23:45:00+00:00;904;678;225;True;False;False
9889190;2020-11-02 00:00:00+00:00;2024-02-27 23:45:00+00:00;1159;382;776;True;False;False
9981041;2020-11-02 00:00:00+00:00;2024-02-27 23:45:00+00:00;1172;135;1036;True;False;False
10266;2021-01-17 00:00:00+00:00;2024-02-27 23:45:00+00:00;1095;0;0;True;False;False
100105;2023-02-25 00:00:00+00:00;2024-02-27 23:45:00+00:00;359;0;0;True;False;False
101797;2023-02-10 00:00:00+00:00;2024-02-27 23:45:00+00:00;382;0;0;True;False;False
102106;2021-03-02 00:00:00+00:00;2024-02-27 23:45:00+00:00;1090;0;0;True;False;False
102119;2022-03-18 00:00:00+00:00;2024-02-27 23:45:00+00:00;710;0;0;True;False;False
102310;2021-08-24 00:00:00+00:00;2023-05-28 23:45:00+00:00;632;0;0;True;False;False
103119;2022-11-11 00:00:00+00:00;2024-02-27 23:45:00+00:00;472;0;0;True;False;False
103724;2022-03-23 00:00:00+00:00;2024-02-27 23:45:00+00:00;705;0;0;True;False;False
103991;2022-07-09 00:00:00+00:00;2024-02-27 23:45:00+00:00;597;0;0;True;False;False
105113;2021-07-04 00:00:00+00:00;2024-02-27 23:45:00+00:00;742;0;0;True;False;False
105210;2022-04-21 00:00:00+00:00;2023-06-08 23:45:00+00:00;413;0;0;True;False;False
105461;2022-10-24 00:00:00+00:00;2024-02-27 23:45:00+00:00;435;0;0;True;False;False
105697;2020-12-17 00:00:00+00:00;2024-02-27 23:45:00+00:00;1081;0;0;True;False;False
106102;2022-05-12 00:00:00+00:00;2024-02-27 23:45:00+00:00;655;0;0;True;False;False
106109;2020-10-16 00:00:00+00:00;2024-02-27 23:45:00+00:00;1212;0;0;True;False;False
106310;2022-09-12 00:00:00+00:00;2024-02-27 23:45:00+00:00;526;0;0;True;False;False
106691;2021-06-06 00:00:00+00:00;2024-02-27 23:45:00+00:00;995;0;0;True;False;False
106791;2022-12-14 00:00:00+00:00;2024-02-27 23:45:00+00:00;249;0;0;True;False;False
106841;2023-02-10 00:00:00+00:00;2024-02-27 23:45:00+00:00;382;0;0;True;False;False
107719;2023-03-11 00:00:00+00:00;2024-02-27 23:45:00+00:00;333;0;0;True;False;False
108100;2022-05-01 00:00:00+00:00;2024-02-27 23:45:00+00:00;646;0;0;True;False;False
108757;2021-11-07 00:00:00+00:00;2024-02-27 23:45:00+00:00;841;0;0;True;False;False
108798;2022-01-09 00:00:00+00:00;2024-02-27 23:45:00+00:00;771;0;0;True;False;False
108849;2023-02-19 00:00:00+00:00;2024-02-27 23:45:00+00:00;163;0;0;True;False;False
108927;2022-09-27 00:00:00+00:00;2024-02-27 23:45:00+00:00;517;0;0;True;False;False
109073;2023-02-14 00:00:00+00:00;2024-02-27 23:45:00+00:00;378;0;0;True;False;False
109107;2022-10-10 00:00:00+00:00;2024-02-27 23:45:00+00:00;504;0;0;True;False;False
109111;2022-04-30 00:00:00+00:00;2024-02-27 23:45:00+00:00;667;0;0;True;False;False
109677;2023-02-06 00:00:00+00:00;2024-02-27 23:45:00+00:00;386;0;0;True;True;True
109879;2022-12-21 00:00:00+00:00;2024-02-27 23:45:00+00:00;432;0;0;True;False;False
110411;2021-09-28 00:00:00+00:00;2024-02-27 23:45:00+00:00;881;0;0;True;False;False
110766;2022-10-03 00:00:00+00:00;2024-02-27 23:45:00+00:00;511;0;0;True;False;False
110810;2023-02-23 00:00:00+00:00;2024-02-27 23:45:00+00:00;369;0;0;True;False;False
111387;2022-10-17 00:00:00+00:00;2024-02-27 23:45:00+00:00;497;0;0;True;False;False
111651;2022-09-05 00:00:00+00:00;2024-02-27 23:45:00+00:00;539;0;0;True;False;False
112110;2023-01-19 00:00:00+00:00;2024-02-27 23:45:00+00:00;404;0;0;True;False;False
112122;2020-02-29 00:00:00+00:00;2024-02-27 23:45:00+00:00;1458;0;0;True;False;False
113116;2022-12-07 00:00:00+00:00;2024-02-27 23:45:00+00:00;445;0;0;True;False;False
113817;2021-12-29 00:00:00+00:00;2024-02-27 23:45:00+00:00;753;0;0;True;False;False
113987;2022-12-29 00:00:00+00:00;2024-02-27 23:45:00+00:00;425;0;0;True;False;False
114104;2023-01-07 00:00:00+00:00;2024-02-27 23:45:00+00:00;415;0;0;True;False;False
114119;2022-11-22 00:00:00+00:00;2024-02-27 23:45:00+00:00;446;0;0;True;False;False
114677;2023-02-22 00:00:00+00:00;2024-02-27 23:45:00+00:00;370;0;0;True;False;False
114791;2022-10-25 00:00:00+00:00;2024-02-12 23:45:00+00:00;467;0;0;True;False;False
114810;2020-06-05 00:00:00+00:00;2024-02-27 23:45:00+00:00;1358;0;0;True;False;False
116117;2021-10-11 00:00:00+00:00;2024-02-27 23:45:00+00:00;868;0;0;True;False;False
116310;2021-10-03 00:00:00+00:00;2024-02-27 23:45:00+00:00;287;0;0;True;False;False
116977;2019-12-02 00:00:00+00:00;2024-02-27 23:45:00+00:00;1541;0;0;True;False;False
117010;2021-09-14 00:00:00+00:00;2024-02-27 23:45:00+00:00;895;0;0;True;False;False
117105;2022-10-24 00:00:00+00:00;2024-02-27 23:45:00+00:00;490;0;0;True;False;False
118101;2022-05-06 00:00:00+00:00;2024-02-27 23:45:00+00:00;661;0;0;True;False;False
118114;2022-09-12 00:00:00+00:00;2024-02-27 23:45:00+00:00;532;0;0;True;False;False
119117;2022-10-25 00:00:00+00:00;2024-02-27 23:45:00+00:00;489;0;0;True;False;False
119122;2022-09-03 00:00:00+00:00;2024-02-27 23:45:00+00:00;541;0;0;True;False;False
119461;2023-07-26 00:00:00+00:00;2024-02-27 23:45:00+00:00;216;0;0;True;False;False
119781;2021-01-04 00:00:00+00:00;2024-02-27 23:45:00+00:00;1139;0;0;True;False;False
119816;2022-07-17 00:00:00+00:00;2024-02-27 23:45:00+00:00;578;0;0;True;False;False
120461;2022-05-04 00:00:00+00:00;2024-02-27 23:45:00+00:00;663;0;0;True;False;False
120871;2023-01-11 00:00:00+00:00;2024-02-27 23:45:00+00:00;412;0;0;True;False;False
120901;2022-09-05 00:00:00+00:00;2024-02-27 23:45:00+00:00;538;0;0;True;False;False
121046;2022-11-28 00:00:00+00:00;2024-02-27 23:45:00+00:00;456;0;0;True;False;False
121701;2021-11-25 00:00:00+00:00;2024-02-27 23:45:00+00:00;823;0;0;True;False;False
121778;2022-04-21 00:00:00+00:00;2024-02-27 23:45:00+00:00;676;0;0;True;False;False
121876;2022-11-15 00:00:00+00:00;2024-02-27 23:45:00+00:00;469;0;0;True;False;False
122108;2022-02-20 00:00:00+00:00;2024-02-27 23:45:00+00:00;736;0;0;True;False;False
128268;2021-01-21 00:00:00+00:00;2024-02-27 23:45:00+00:00;1127;0;0;True;False;False
279461;2022-07-14 00:00:00+00:00;2024-02-27 23:45:00+00:00;592;0;0;True;False;False
287100;2022-11-20 00:00:00+00:00;2024-02-27 23:45:00+00:00;464;0;0;True;False;False
298120;2022-02-22 00:00:00+00:00;2024-02-27 23:45:00+00:00;734;0;0;True;False;False
311110;2022-12-02 00:00:00+00:00;2024-02-27 23:45:00+00:00;452;0;0;True;False;False
382698;2021-07-30 00:00:00+00:00;2024-02-27 23:45:00+00:00;858;0;0;True;False;False
419075;2022-05-04 00:00:00+00:00;2024-02-25 23:45:00+00:00;661;0;0;True;False;False
461101;2023-11-11 00:00:00+00:00;2024-02-27 23:45:00+00:00;102;0;0;True;False;False
461226;2022-11-15 00:00:00+00:00;2024-02-27 23:45:00+00:00;469;0;0;True;False;False
466710;2022-06-20 00:00:00+00:00;2024-02-27 23:45:00+00:00;616;0;0;True;False;False
466866;2022-11-29 00:00:00+00:00;2024-02-27 23:45:00+00:00;455;0;0;True;False;False
467969;2023-02-27 00:00:00+00:00;2024-02-27 23:45:00+00:00;332;0;0;True;False;False
469790;2020-11-17 00:00:00+00:00;2024-02-27 23:45:00+00:00;1189;0;0;True;False;False
481791;2022-11-16 00:00:00+00:00;2024-02-27 23:45:00+00:00;463;0;0;True;False;False
508846;2022-11-22 00:00:00+00:00;2024-02-27 23:45:00+00:00;462;0;0;True;False;False
582662;2022-12-07 00:00:00+00:00;2024-02-27 23:45:00+00:00;447;0;0;True;False;False
611610;2022-02-12 00:00:00+00:00;2024-02-27 23:45:00+00:00;744;0;0;True;False;False
654611;2021-02-07 00:00:00+00:00;2024-02-27 23:45:00+00:00;156;0;0;True;False;False
676510;2020-12-31 00:00:00+00:00;2024-02-27 23:45:00+00:00;1151;0;0;True;False;False
676890;2022-04-21 00:00:00+00:00;2024-02-26 23:45:00+00:00;675;0;0;True;False;False
677172;2022-12-20 00:00:00+00:00;2024-02-27 23:45:00+00:00;433;0;0;True;False;False
678103;2020-12-28 00:00:00+00:00;2024-02-27 23:45:00+00:00;503;0;0;True;False;False
681103;2022-04-28 00:00:00+00:00;2024-02-27 23:45:00+00:00;669;0;0;True;False;False
683654;2022-05-20 00:00:00+00:00;2024-02-27 23:45:00+00:00;621;0;0;True;False;False
684461;2022-12-10 00:00:00+00:00;2024-02-27 23:45:00+00:00;443;0;0;True;False;False
688105;2023-11-14 00:00:00+00:00;2024-02-27 23:45:00+00:00;90;0;0;True;False;False
688310;2022-12-27 00:00:00+00:00;2024-02-27 23:45:00+00:00;427;0;0;True;False;False
688411;2022-02-01 00:00:00+00:00;2024-02-27 23:45:00+00:00;738;0;0;True;False;False
689878;2022-05-03 00:00:00+00:00;2024-02-27 23:45:00+00:00;664;0;0;True;False;False
691171;2022-11-11 00:00:00+00:00;2024-02-27 23:45:00+00:00;472;0;0;True;False;False
697998;2022-10-27 00:00:00+00:00;2024-02-27 23:45:00+00:00;487;0;0;True;False;False
700484;2023-01-02 00:00:00+00:00;2024-02-27 23:45:00+00:00;421;0;0;True;False;False
708210;2021-01-07 00:00:00+00:00;2024-02-27 23:45:00+00:00;1136;0;0;True;False;False
708499;2022-06-13 00:00:00+00:00;2024-02-27 23:45:00+00:00;597;0;0;True;False;False
710210;2022-07-27 00:00:00+00:00;2024-02-27 23:45:00+00:00;572;0;0;True;False;False
711910;2020-11-04 00:00:00+00:00;2024-02-27 23:45:00+00:00;1207;0;0;True;False;False
716890;2022-05-02 00:00:00+00:00;2024-02-27 23:45:00+00:00;665;0;0;True;False;False
717486;2023-02-22 00:00:00+00:00;2024-02-27 23:45:00+00:00;122;0;0;True;False;False
719010;2022-11-09 00:00:00+00:00;2024-02-27 23:45:00+00:00;475;0;0;True;False;False
725101;2021-10-19 00:00:00+00:00;2024-02-27 23:45:00+00:00;860;0;0;True;False;False
727576;2022-04-26 00:00:00+00:00;2024-02-27 23:45:00+00:00;663;0;0;True;False;False
738311;2022-07-13 00:00:00+00:00;2024-02-27 23:45:00+00:00;593;0;0;True;False;False
738870;2023-02-08 00:00:00+00:00;2024-02-27 23:45:00+00:00;384;0;0;True;False;False
741169;2022-09-14 00:00:00+00:00;2024-02-27 23:45:00+00:00;530;0;0;True;False;False
747510;2022-04-22 00:00:00+00:00;2024-02-27 23:45:00+00:00;675;0;0;True;False;False
751078;2023-02-10 00:00:00+00:00;2024-02-27 23:45:00+00:00;382;0;0;True;False;False
759747;2022-05-31 00:00:00+00:00;2024-02-27 23:45:00+00:00;609;0;0;True;False;False
761118;2022-07-06 00:00:00+00:00;2024-02-27 23:45:00+00:00;600;0;0;True;False;False
768078;2023-02-10 00:00:00+00:00;2024-02-27 23:45:00+00:00;382;0;0;True;False;False
771031;2022-05-04 00:00:00+00:00;2024-02-27 23:45:00+00:00;663;0;0;True;False;False
771036;2022-09-08 00:00:00+00:00;2024-02-27 23:45:00+00:00;536;0;0;True;False;False
775840;2022-12-14 00:00:00+00:00;2024-02-27 23:45:00+00:00;439;0;0;True;False;False
781011;2022-04-24 00:00:00+00:00;2024-02-27 23:45:00+00:00;673;0;0;True;False;False
801001;2022-05-01 00:00:00+00:00;2024-02-27 23:45:00+00:00;665;0;0;True;False;False
801209;2022-07-19 00:00:00+00:00;2024-02-27 23:45:00+00:00;586;0;0;True;False;False
807356;2023-08-07 00:00:00+00:00;2024-02-27 23:45:00+00:00;204;0;0;True;False;False
810510;2022-04-02 00:00:00+00:00;2024-02-27 23:45:00+00:00;138;0;0;True;False;False
812127;2022-04-22 00:00:00+00:00;2024-02-27 23:45:00+00:00;675;0;0;True;False;False
812183;2021-03-18 00:00:00+00:00;2024-02-27 23:45:00+00:00;237;0;0;True;False;False
817178;2023-02-25 00:00:00+00:00;2024-02-27 23:45:00+00:00;224;0;0;True;False;False
827183;2022-12-06 00:00:00+00:00;2024-02-27 23:45:00+00:00;448;0;0;True;False;False
828110;2023-02-06 00:00:00+00:00;2024-02-27 23:45:00+00:00;386;0;0;True;False;False
828710;2022-06-09 00:00:00+00:00;2024-02-27 23:45:00+00:00;627;0;0;True;False;False
838351;2023-02-24 00:00:00+00:00;2024-02-27 23:45:00+00:00;367;0;0;True;False;False
841087;2022-11-08 00:00:00+00:00;2024-02-27 23:45:00+00:00;433;0;0;True;False;False
841184;2022-06-13 00:00:00+00:00;2024-02-27 23:45:00+00:00;623;0;0;True;False;False
847111;2022-12-06 00:00:00+00:00;2024-02-27 23:45:00+00:00;446;0;0;True;False;False
847480;2022-11-21 00:00:00+00:00;2024-02-23 23:45:00+00:00;454;0;0;True;False;False
847678;2022-11-11 00:00:00+00:00;2024-02-27 23:45:00+00:00;473;0;0;True;False;False
850210;2022-10-19 00:00:00+00:00;2024-02-27 23:45:00+00:00;495;0;0;True;False;False
851017;2022-05-30 00:00:00+00:00;2024-02-27 23:45:00+00:00;637;0;0;True;False;False
851058;2022-11-14 00:00:00+00:00;2024-02-27 23:45:00+00:00;470;0;0;True;False;False
856765;2022-10-12 00:00:00+00:00;2024-02-27 23:45:00+00:00;499;0;0;True;True;True
856810;2020-11-29 00:00:00+00:00;2024-02-27 23:45:00+00:00;1184;0;0;True;False;False
859770;2022-02-16 00:00:00+00:00;2024-02-27 23:45:00+00:00;740;0;0;True;False;False
861151;2023-02-28 00:00:00+00:00;2024-02-27 23:45:00+00:00;364;0;0;True;False;False
872117;2022-07-18 00:00:00+00:00;2024-02-27 23:45:00+00:00;587;0;0;True;False;False
878751;2023-03-10 00:00:00+00:00;2024-02-27 23:45:00+00:00;337;0;0;True;False;False
879894;2023-01-09 00:00:00+00:00;2024-02-27 23:45:00+00:00;414;0;0;True;False;False
884673;2022-05-04 00:00:00+00:00;2024-02-27 23:45:00+00:00;663;0;0;True;True;True
887911;2022-06-20 00:00:00+00:00;2024-02-27 23:45:00+00:00;616;0;0;True;False;False
888888;2022-06-13 00:00:00+00:00;2024-02-27 23:45:00+00:00;623;0;0;True;False;False
897166;2023-02-10 00:00:00+00:00;2024-02-27 23:45:00+00:00;382;0;0;True;False;False
897237;2020-10-15 00:00:00+00:00;2024-02-27 23:45:00+00:00;569;0;0;True;False;False
897410;2022-05-16 00:00:00+00:00;2024-02-27 23:45:00+00:00;650;0;0;True;False;False
901207;2022-06-22 00:00:00+00:00;2024-02-27 23:45:00+00:00;613;0;0;True;False;False
908510;2023-01-23 00:00:00+00:00;2024-02-27 23:45:00+00:00;400;0;0;True;False;False
966771;2022-04-21 00:00:00+00:00;2024-02-27 23:45:00+00:00;676;0;0;True;False;False
970807;2021-10-21 00:00:00+00:00;2024-02-27 23:45:00+00:00;857;0;0;True;True;True
971044;2022-05-14 00:00:00+00:00;2024-02-27 23:45:00+00:00;641;0;0;True;False;False
971151;2023-02-21 00:00:00+00:00;2024-02-27 23:45:00+00:00;371;0;0;True;True;True
984977;2022-01-24 00:00:00+00:00;2024-02-27 23:45:00+00:00;464;0;0;True;False;False
987611;2022-07-26 00:00:00+00:00;2024-02-27 23:45:00+00:00;580;0;0;True;False;False
988311;2023-11-02 00:00:00+00:00;2024-02-27 23:45:00+00:00;102;0;0;True;False;False
991158;2022-10-31 00:00:00+00:00;2024-02-27 23:45:00+00:00;484;0;0;True;False;False
995696;2023-02-10 00:00:00+00:00;2024-02-27 23:45:00+00:00;382;0;0;True;False;False
997610;2023-02-04 00:00:00+00:00;2024-02-27 23:45:00+00:00;387;0;0;True;False;False
1001121;2021-01-21 00:00:00+00:00;2024-02-27 23:45:00+00:00;1128;0;0;True;True;True
1001188;2020-03-15 00:00:00+00:00;2024-02-27 23:45:00+00:00;1441;0;0;True;False;False
1006811;2022-12-07 00:00:00+00:00;2024-02-27 23:45:00+00:00;386;0;0;True;False;False
1007079;2022-12-04 00:00:00+00:00;2024-02-27 23:45:00+00:00;449;0;0;True;False;False
1009851;2021-01-21 00:00:00+00:00;2024-02-27 23:45:00+00:00;1129;0;0;True;True;True
1011091;2022-06-06 00:00:00+00:00;2024-02-27 23:45:00+00:00;630;0;0;True;False;False
1017510;2020-10-31 00:00:00+00:00;2024-02-27 23:45:00+00:00;1211;0;0;True;False;False
1020729;2021-12-08 00:00:00+00:00;2024-02-27 23:45:00+00:00;775;0;0;True;False;False
1038167;2022-11-15 00:00:00+00:00;2024-02-27 23:45:00+00:00;468;0;0;True;False;False
1041141;2022-10-31 00:00:00+00:00;2024-02-27 23:45:00+00:00;484;0;0;True;False;False
1056907;2022-05-06 00:00:00+00:00;2024-02-27 23:45:00+00:00;661;0;0;True;False;False
1057211;2023-02-19 00:00:00+00:00;2024-02-27 23:45:00+00:00;373;0;0;True;False;False
1061006;2023-02-11 00:00:00+00:00;2024-02-27 23:45:00+00:00;381;0;0;True;False;False
1061228;2022-01-19 00:00:00+00:00;2023-10-25 23:45:00+00:00;640;0;0;True;False;False
1065698;2022-05-04 00:00:00+00:00;2024-02-27 23:45:00+00:00;663;0;0;False;True;False
1066796;2021-12-11 00:00:00+00:00;2024-02-27 23:45:00+00:00;457;0;0;True;False;False
1073767;2021-03-17 00:00:00+00:00;2024-02-27 23:45:00+00:00;1070;0;0;True;False;False
1075697;2022-09-01 00:00:00+00:00;2024-02-27 23:45:00+00:00;543;0;0;True;False;False
1079731;2022-06-20 00:00:00+00:00;2024-02-27 23:45:00+00:00;616;0;0;True;False;False
1088228;2022-10-11 00:00:00+00:00;2024-02-27 23:45:00+00:00;503;0;0;True;False;False
1090081;2019-11-28 00:00:00+00:00;2024-02-27 23:45:00+00:00;1492;0;0;True;False;False
1101068;2021-09-25 00:00:00+00:00;2024-02-27 23:45:00+00:00;882;0;0;True;False;False
1101151;2023-02-18 00:00:00+00:00;2024-02-27 23:45:00+00:00;371;0;0;True;False;False
1101186;2020-10-01 00:00:00+00:00;2024-02-27 23:45:00+00:00;1243;0;0;True;False;False
1111228;2021-07-10 00:00:00+00:00;2024-02-27 23:45:00+00:00;961;0;0;True;False;False
1118211;2022-05-24 00:00:00+00:00;2024-02-27 23:45:00+00:00;476;0;0;True;False;False
1121071;2022-05-15 00:00:00+00:00;2024-02-21 23:45:00+00:00;646;0;0;True;False;False
1121081;2022-09-19 00:00:00+00:00;2024-02-27 23:45:00+00:00;525;0;0;True;False;False
1141091;2022-05-08 00:00:00+00:00;2024-02-27 23:45:00+00:00;659;0;0;True;False;False
1141141;2022-05-13 00:00:00+00:00;2024-02-27 23:45:00+00:00;654;0;0;True;False;False
1147810;2023-02-06 00:00:00+00:00;2024-02-27 23:45:00+00:00;386;0;0;True;False;False
1151067;2022-08-10 00:00:00+00:00;2024-02-27 23:45:00+00:00;559;0;0;True;False;False
1158778;2022-01-18 00:00:00+00:00;2024-02-23 23:45:00+00:00;764;0;0;True;False;False
1191088;2023-02-28 00:00:00+00:00;2024-02-27 23:45:00+00:00;364;0;0;True;False;False
1193858;2023-02-11 00:00:00+00:00;2024-02-27 23:45:00+00:00;381;0;0;True;False;False
1197401;2022-12-06 00:00:00+00:00;2024-02-27 23:45:00+00:00;448;0;0;True;False;False
1199104;2022-01-27 00:00:00+00:00;2024-02-27 23:45:00+00:00;760;0;0;True;False;False
1214111;2022-10-24 00:00:00+00:00;2024-02-27 23:45:00+00:00;490;0;0;True;False;False
1218377;2022-03-19 00:00:00+00:00;2024-02-27 23:45:00+00:00;709;0;0;True;False;False
1223661;2022-11-12 00:00:00+00:00;2024-02-27 23:45:00+00:00;469;0;0;True;False;False
1228100;2023-02-19 00:00:00+00:00;2024-02-27 23:45:00+00:00;160;0;0;True;False;False
1228211;2022-09-28 00:00:00+00:00;2024-02-27 23:45:00+00:00;516;0;0;True;False;False
2887690;2022-09-05 00:00:00+00:00;2024-02-27 23:45:00+00:00;538;0;0;True;False;False
3699704;2022-11-03 00:00:00+00:00;2024-02-27 23:45:00+00:00;481;0;0;True;False;False
4115111;2023-03-02 00:00:00+00:00;2024-02-27 23:45:00+00:00;362;0;0;True;False;False
4675977;2022-12-25 00:00:00+00:00;2024-02-27 23:45:00+00:00;428;0;0;True;False;False
4911611;2023-02-24 00:00:00+00:00;2024-02-27 23:45:00+00:00;368;0;0;True;False;False
5102111;2022-03-19 00:00:00+00:00;2024-02-27 23:45:00+00:00;709;0;0;True;False;False
6512274;2023-01-11 00:00:00+00:00;2024-02-27 23:45:00+00:00;360;0;0;True;False;False
6577811;2022-04-01 00:00:00+00:00;2024-02-27 23:45:00+00:00;696;0;0;True;False;False
6697809;2021-11-10 00:00:00+00:00;2024-02-27 23:45:00+00:00;834;0;0;True;False;False
7011879;2020-12-16 00:00:00+00:00;2024-02-27 23:45:00+00:00;1150;0;0;True;False;False
7046666;2022-11-01 00:00:00+00:00;2024-02-27 23:45:00+00:00;483;0;0;True;False;False
7115691;2022-04-22 00:00:00+00:00;2024-02-27 23:45:00+00:00;675;0;0;True;False;False
7179878;2022-08-29 00:00:00+00:00;2024-02-27 23:45:00+00:00;546;0;0;True;False;False
7211375;2022-11-16 00:00:00+00:00;2024-02-27 23:45:00+00:00;468;0;0;True;False;False
7286748;2022-12-19 00:00:00+00:00;2024-02-27 23:45:00+00:00;434;0;0;True;False;False
7437311;2022-09-17 00:00:00+00:00;2024-02-27 23:45:00+00:00;527;0;0;True;False;False
7510211;2022-02-20 00:00:00+00:00;2024-02-27 23:45:00+00:00;736;0;0;True;False;False
7569701;2022-04-27 00:00:00+00:00;2024-02-27 23:45:00+00:00;670;0;0;True;False;False
7612088;2022-07-09 00:00:00+00:00;2024-02-27 23:45:00+00:00;596;0;0;True;False;False
7710311;2022-11-25 00:00:00+00:00;2024-02-27 23:45:00+00:00;449;0;0;True;False;False
7710710;2023-02-24 00:00:00+00:00;2024-02-27 23:45:00+00:00;368;0;0;True;False;False
7810010;2022-05-14 00:00:00+00:00;2024-02-27 23:45:00+00:00;653;0;0;True;False;False
7811599;2022-06-13 00:00:00+00:00;2024-02-27 23:45:00+00:00;623;0;0;True;False;False
7846661;2022-12-08 00:00:00+00:00;2024-02-27 23:45:00+00:00;445;0;0;True;False;False
7873107;2022-04-30 00:00:00+00:00;2024-02-27 23:45:00+00:00;667;0;0;True;False;False
7873786;2022-06-13 00:00:00+00:00;2024-02-27 23:45:00+00:00;609;0;0;True;False;False
7878467;2022-12-17 00:00:00+00:00;2024-02-27 23:45:00+00:00;413;0;0;True;False;False
7906883;2021-05-10 00:00:00+00:00;2024-02-27 23:45:00+00:00;334;0;0;True;False;False
8061051;2022-10-11 00:00:00+00:00;2024-02-27 23:45:00+00:00;503;0;0;True;False;False
8079897;2022-09-06 00:00:00+00:00;2024-02-27 23:45:00+00:00;538;0;0;True;False;False
8111796;2022-10-11 00:00:00+00:00;2024-02-27 23:45:00+00:00;502;0;0;True;False;False
8112146;2021-01-23 00:00:00+00:00;2024-02-27 23:45:00+00:00;1119;0;0;True;False;False
8212283;2021-10-14 00:00:00+00:00;2024-02-26 23:45:00+00:00;827;0;0;True;False;False
8272971;2022-09-12 00:00:00+00:00;2024-02-27 23:45:00+00:00;531;0;0;True;False;False
8312167;2022-12-06 00:00:00+00:00;2024-02-27 23:45:00+00:00;448;0;0;True;False;False
8410090;2022-10-31 00:00:00+00:00;2024-02-27 23:45:00+00:00;484;0;0;True;False;False
8478885;2022-05-04 00:00:00+00:00;2024-02-27 23:45:00+00:00;663;0;0;True;False;False
8566105;2023-01-17 00:00:00+00:00;2024-02-27 23:45:00+00:00;405;0;0;True;False;False
8611610;2022-02-01 00:00:00+00:00;2024-02-27 23:45:00+00:00;755;0;0;True;False;False
8611772;2022-02-22 00:00:00+00:00;2024-02-27 23:45:00+00:00;711;0;0;True;False;False
8673111;2022-11-10 00:00:00+00:00;2024-02-27 23:45:00+00:00;474;0;0;True;False;False
8681127;2020-03-03 00:00:00+00:00;2022-10-05 23:45:00+00:00;915;0;0;True;False;False
8701118;2020-12-17 00:00:00+00:00;2024-02-27 23:45:00+00:00;1153;0;0;True;False;False
8877761;2022-05-13 00:00:00+00:00;2024-02-27 23:45:00+00:00;654;0;0;True;False;False
8910784;2022-05-31 00:00:00+00:00;2024-02-27 23:45:00+00:00;636;0;0;True;False;False
8910987;2022-07-18 00:00:00+00:00;2024-02-27 23:45:00+00:00;588;0;0;True;False;False
8971777;2021-12-20 00:00:00+00:00;2024-02-27 23:45:00+00:00;797;0;0;True;False;False
8985109;2023-02-17 00:00:00+00:00;2024-02-27 23:45:00+00:00;375;0;0;True;False;False
9011578;2022-06-09 00:00:00+00:00;2024-02-27 23:45:00+00:00;626;0;0;True;False;False
9115910;2022-08-20 00:00:00+00:00;2024-02-27 23:45:00+00:00;555;0;0;True;False;False
9711086;2021-01-11 00:00:00+00:00;2024-02-27 23:45:00+00:00;1133;0;0;True;False;False
9812028;2023-01-17 00:00:00+00:00;2024-02-27 23:45:00+00:00;406;0;0;True;False;False
9816877;2022-08-20 00:00:00+00:00;2024-02-27 23:45:00+00:00;546;0;0;True;False;False
9970781;2022-11-17 00:00:00+00:00;2024-02-27 23:45:00+00:00;467;0;0;True;False;False
