feature,gain
slot_mean_7d,6583702.068267822
slot_mean_4w,2830839.8313093185
slot_median_7d,1638781.3875188828
log_scale,884731.9384307861
latest_same_slot,755390.1386699677
doy_sin,524905.4603319168
level_1d,511853.2301425934
lag_d2_hour,506476.06609630585
lag_w2,500661.7879333496
local_slot,388231.9062986374
level_4h,381456.7661819458
lag_d1,375474.8000602722
level_7d,374902.71090602875
lag_d7,374839.85299015045
lag_d3,358976.6557340622
temp_past_24h,324789.1859512329
doy_cos,319717.7832555771
temp_trend,280892.72604465485
slot_std_7d,280520.77158641815
living_area,268086.91489219666
lead_steps,221984.01868247986
lag_d2,209195.27813911438
weekday,161995.82069301605
residents,92393.96193122864
heatpump_type,42769.65453147888
pv_status,36814.295948028564
lag_day_is_weekend_mismatch,35314.11756896973
building_type,18384.10725593567
