horizon_step,lgb_global_l2,daily_weekly_ensemble,previous_day
1,0.16432265430694534,0.17786881936561352,0.1955584590544629
2,0.16433357518712935,0.17771264421542848,0.19419236892912237
3,0.16780770699498135,0.17998933455997787,0.1964812604467076
4,0.16507125568099554,0.1771078354258093,0.19254068053476803
5,0.16450373718105563,0.1785118352489037,0.19536586821755383
6,0.16323414941167386,0.1756180321204133,0.19121967924711603
7,0.15957721781234216,0.1711755030712373,0.18472519836934073
8,0.1564260460688787,0.1675658474176711,0.18050475599546706
9,0.15246730221778493,0.16421293983065738,0.17619804730441735
10,0.15027226071182587,0.1610191196679538,0.17319667604056055
11,0.14953807003498068,0.16050180627583602,0.17204374661767885
12,0.14906040770319534,0.16028673876326743,0.17160979625891742
13,0.14958980279047016,0.15963312865756116,0.17004662424155184
14,0.14795713503938032,0.1574673712048895,0.1669484892072315
15,0.14780209401655559,0.1574074576176556,0.16779739453239198
16,0.14739607251321196,0.15772547077169963,0.16790916566698935
17,0.14984735438497915,0.16102672369487384,0.17135248338454176
18,0.14881243560863877,0.1592115995915959,0.16948718025320483
19,0.14975125674271123,0.16076486889253713,0.17172743864798623
20,0.1515200906254036,0.16365317949565425,0.17525737075359737
21,0.14893349434443154,0.160755606216543,0.17261560965900882
22,0.150887340993185,0.16362573543051698,0.1759544766214073
23,0.15003550414269143,0.1633639132625995,0.1751863140092858
24,0.15001570615641818,0.16412982621139457,0.1768598178832074
25,0.15043674674582144,0.1645589723198962,0.17736745180746352
26,0.15199265616259708,0.1663792452685729,0.17998590068925605
27,0.15219422837426275,0.1669573329491646,0.18081911336938647
28,0.15248117388791932,0.16796891097502295,0.1822691428218911
29,0.15339164834017782,0.16897127645970747,0.18390873085834655
30,0.15238607904208928,0.16787157620706605,0.18208638261246482
31,0.1515703277627126,0.16715145183936578,0.18178737051445207
32,0.1515120142562617,0.16761083369222332,0.18223153798136568
33,0.15249625972633254,0.1684247787546818,0.18266927411117503
34,0.1505548709383817,0.16600883191581223,0.17951120699161885
35,0.14953940629468968,0.16483231174396434,0.1784430474186731
36,0.14868947002887833,0.1636756982318848,0.17700591006640012
37,0.14658288482135504,0.15993464326642587,0.17355401677838725
38,0.14873361628012657,0.16234535551055929,0.1753801701563093
39,0.151429048181222,0.16487470704266768,0.17892740770409485
40,0.1537540296263054,0.16698284628442392,0.18178395182611076
41,0.14852649057819417,0.1599597566099958,0.18318886763715087
42,0.1452413151729231,0.1567990764266498,0.1792820992226371
43,0.14269706894806064,0.1546263506168593,0.17642168476327116
44,0.1429382993488365,0.15497231369166373,0.17722266611703252
45,0.1505167495659537,0.16505408278018885,0.18588431367003577
46,0.1521963121950527,0.16614926566449265,0.18469340999136888
47,0.14907168773376356,0.16327211937874309,0.1806750178079982
48,0.1483922640194375,0.16175571020759238,0.17711080943424815
49,0.14902404229588068,0.16221237582686754,0.17714065216116218
50,0.14794014295660918,0.16155533601077007,0.17668931842793228
51,0.14713127913157165,0.16097252354416686,0.17570550030415932
52,0.14732253100297005,0.1610260637434985,0.1761491260014492
53,0.146945219097552,0.16074934790787568,0.17606917713190404
54,0.1471497681790768,0.16142070504439604,0.17719021545588334
55,0.14657703726711407,0.16098390346489747,0.17588613629445807
56,0.14644210498555232,0.1606613718725329,0.17601975932740224
57,0.14837558188445307,0.1634531224025406,0.17890961889820003
58,0.1490078220373686,0.16521120595407837,0.18119511160076227
59,0.1516563639739659,0.16861543719371516,0.18498309104897903
60,0.15347027730016788,0.1714737823165595,0.18831670236809064
61,0.15542409162090212,0.1736875378618374,0.19020098699033203
62,0.1603997984442597,0.17970547868299278,0.19716060549850753
63,0.16639254202543385,0.1854388926229412,0.20407867870003552
64,0.17128280728250145,0.191376054060681,0.21069977983669105
65,0.17345061524004154,0.19343447773399935,0.21312014623377923
66,0.17926837456078973,0.19991830903942406,0.22162251659296447
67,0.1801775070402922,0.2019246381851448,0.22518714179513868
68,0.18338301237004234,0.20576742559996353,0.2289436984681291
69,0.18276595516467406,0.20422121015494896,0.22783575878283868
70,0.18239846403126428,0.20445870622059953,0.22738921464675485
71,0.1820348856077819,0.202323935917767,0.22553654696100356
72,0.1815383498613606,0.20177422244372198,0.22550967118341617
73,0.18599432795624382,0.20689801166514538,0.22853636270768246
74,0.18923332042645558,0.21077949350267206,0.23267062561267157
75,0.1898778680170017,0.2113694701973719,0.2325198902422123
76,0.18825933621508792,0.20992739591187462,0.2302958183552265
77,0.19151524898790953,0.2119646801964228,0.23454024086037664
78,0.19303570825618627,0.2141362977967507,0.23620486512062017
79,0.19163471071372498,0.2124527946636895,0.2347748713884835
80,0.1897283733801192,0.21095724206712518,0.2320816453786636
81,0.19044261015195493,0.21089887160695045,0.23160242758629032
82,0.18617662194539267,0.20524229696639976,0.22517898797989844
83,0.18361157824807786,0.2011598194546941,0.22113688061271244
84,0.18390897396415484,0.2005248524633668,0.21945309796367785
85,0.18054039231291008,0.19556550593392427,0.21341886338044308
86,0.17997154177999955,0.19480108826108608,0.21307506208505836
87,0.17828901679489886,0.19294250924290615,0.21007483943143818
88,0.1769423508570901,0.19147977437209876,0.20932264562702552
89,0.1757834857937761,0.19288121623998353,0.21128844014155818
90,0.17074954070535853,0.18823481714522763,0.2083356958994913
91,0.16928942761247587,0.18556836015479583,0.2053022561507559
92,0.1676023850642843,0.18194550864724773,0.20120607698664714
93,0.16886117093459618,0.18360498543094836,0.20347858759354223
94,0.1679871880705109,0.18204399105662394,0.2040689930853735
95,0.1681184782074623,0.18087921088637893,0.20235297312426095
96,0.1700378241665357,0.1828875283230571,0.2050757507374306
