model,median_household_nmae,p90_household_nmae,mean_household_mae,median_skill_vs_daily_weekly_ensemble,share_households_beating_daily_weekly_ensemble,households,fold
lgb_global_l1,0.5389538097256655,0.7247001396507187,0.11489724219187554,0.18592099312199617,0.9931740614334471,293,val_summer
slot_median_7d,0.5605394146755132,0.7512006638047081,0.11951494526696052,0.1590940624548518,0.9897610921501706,293,val_summer
ridge_global,0.6190862798394506,0.8423142063213427,0.13156191461983102,0.0764420626451815,0.9044368600682594,293,val_summer
slot_mean_7d,0.6290788254851702,0.8646055674119338,0.13316047968314645,0.05999864263351773,0.9215017064846417,293,val_summer
lgb_global_l2,0.640590954845683,0.8825899065829331,0.13510191420089768,0.04286247189414305,0.7440273037542662,293,val_summer
daily_weekly_ensemble,0.6604017291073446,0.9219478925402875,0.1411448569318433,0.0,0.0,293,val_summer
previous_week,0.7169279808508633,0.992880537922071,0.15393369832523987,-0.09355106093019327,0.04436860068259386,293,val_summer
previous_day,0.7373566165385749,0.9961814561117455,0.1552758023186795,-0.09894404377087107,0.010238907849829351,293,val_summer
lgb_global_l1,0.5699719390861546,0.7166767342525869,0.19841701746853999,0.1560248242920097,1.0,382,val_winter
slot_median_7d,0.6101079971241141,0.7789797466857423,0.21300538769707816,0.0927796021089961,0.9921465968586387,382,val_winter
lgb_global_l2,0.6122512557517126,0.7965794835141623,0.21307361650567774,0.10269211956803465,0.9554973821989529,382,val_winter
ridge_global,0.6258341237547902,0.8251289333813082,0.21979888174564555,0.07409427570870575,0.93717277486911,382,val_winter
slot_mean_7d,0.6387153526349874,0.8370801172433084,0.2230435779642747,0.05571559708397378,0.9581151832460733,382,val_winter
daily_weekly_ensemble,0.6716427527380004,0.8898586303045901,0.23614707862388737,0.0,0.0,382,val_winter
previous_day,0.7292505270495336,0.9598693117947773,0.25478407270216175,-0.08148661119350753,0.03926701570680628,382,val_winter
previous_week,0.7697170551029666,0.9733949612712255,0.2680552414831066,-0.13391852202451826,0.002617801047120419,382,val_winter
lgb_global_l1,0.5419310079841392,0.7068908059561753,0.14717168072377718,0.16297707229934966,1.0,403,test
slot_median_7d,0.575663245063384,0.7455132984281942,0.15640414398617294,0.11327384266392138,0.9925558312655087,403,test
lgb_global_l2,0.5896285419280627,0.7925302694186444,0.16201250532938305,0.0885863380269789,0.9230769230769231,403,test
ridge_global,0.5972034900317165,0.7965156380305625,0.16383139297090665,0.07972245290062951,0.9503722084367245,403,test
slot_mean_7d,0.6103394485995461,0.8195571101042658,0.16769342003348972,0.056420956519144916,0.9528535980148883,403,test
daily_weekly_ensemble,0.6506730454340134,0.8694381622608167,0.17733998585377028,0.0,0.0,403,test
previous_day,0.7105267509571164,0.9553036765980533,0.1939866032450405,-0.09396481539993129,0.01488833746898263,403,test
previous_week,0.723780517222308,0.9532657483422213,0.19813777319950648,-0.1157424819671331,0.007444168734491315,403,test
lgb_global_l1,0.5542224650337026,0.709311987911674,0.1651601801963637,0.16798282270881004,1.0,391,validation
slot_median_7d,0.5873878070777597,0.7604969744380329,0.17599288356645595,0.11403319579272753,0.9974424552429667,391,validation
lgb_global_l2,0.6206262846073838,0.7978109616715953,0.1819211099053301,0.08863052204089139,0.928388746803069,391,validation
ridge_global,0.6290061620656023,0.8170903827218288,0.18550884090675074,0.07431888779356854,0.9360613810741688,391,validation
slot_mean_7d,0.6359395412211498,0.8401468358766176,0.18808317103061123,0.05557525389277529,0.9565217391304348,391,validation
daily_weekly_ensemble,0.6695191286722431,0.887704987091702,0.19909918283146058,0.0,0.0,391,validation
previous_day,0.7263503131146339,0.9658209172829108,0.21524802299461981,-0.08497160347353372,0.030690537084398978,391,validation
previous_week,0.753039483315141,0.974410313479662,0.22392670067836692,-0.12442312168544545,0.010230179028132993,391,validation
