model,mae,rmse,wape,bias,n,fold
ridge_global,5.487049989050102,8.03573151462353,0.11385085458378996,-1.8698291183117994,17320,val_summer
daily_weekly_ensemble,5.574416017625519,8.055605444533683,0.11566361317624901,-1.135387420478445,17320,val_summer
slot_mean_7d,5.720078831678572,8.367437609862538,0.11868597234813816,-1.276864878619468,17320,val_summer
lgb_global_l2,5.809260912141668,8.161835785884831,0.12053641221920657,1.5334577839061851,17320,val_summer
previous_day,6.5126636809951215,9.354142642278987,0.13513132323885876,-0.44592500176631694,17320,val_summer
previous_week,6.8108061372243975,10.123220827633084,0.14131748401689997,-1.7996547340990954,17320,val_summer
slot_median_7d,11.62081128300995,14.824071877755255,0.24112032844021364,-11.431866539731448,17320,val_summer
lgb_global_l1,12.922090351565965,15.598666169580062,0.2681205807256403,-12.902018077034533,17320,val_summer
lgb_global_l2,18.4219401894931,23.51476950073048,0.1451646682708928,-0.8193644180214947,17472,val_winter
previous_day,20.169715312656482,26.83820584622841,0.15893711532893057,0.8014988836084486,17472,val_winter
ridge_global,21.018725470195346,26.448278032166574,0.1656273052117552,6.689760131549712,17472,val_winter
daily_weekly_ensemble,21.83769073564376,27.81565720874184,0.17208074170440046,2.043418024374932,17472,val_winter
slot_mean_7d,22.86088427397552,29.2146587097188,0.18014349454373305,2.2711117017446725,17472,val_winter
slot_median_7d,26.005436522762945,33.66181177708909,0.20492252863896193,-15.022295097537198,17472,val_winter
lgb_global_l1,27.501784533191575,33.976208622485935,0.21671373305702707,-24.1087380801163,17472,val_winter
previous_week,29.91317435793982,37.911067279910235,0.23571545602326677,3.1059500576679677,17472,val_winter
lgb_global_l2,13.009597023321145,19.763346707323016,0.12290578001642391,1.2769592176326288,26152,test
ridge_global,14.804358380468129,21.73435118229307,0.13986145851653886,0.39827465072921403,26152,test
daily_weekly_ensemble,14.950068142990954,22.402095478387253,0.14123802475350783,-1.0011800515779326,26152,test
previous_day,15.078295237307845,22.730872625371276,0.1424494266914776,-0.33825170930242004,26152,test
slot_mean_7d,16.181056918324153,24.640187376790863,0.152867565265222,-1.0820477620072508,26152,test
previous_week,20.018905613541907,30.815216995270916,0.18912493639095243,-1.608305854981135,26152,test
slot_median_7d,23.311770202558737,31.219538014362648,0.2202336702030823,-17.519400795625696,26152,test
lgb_global_l1,24.548004737031626,30.211698705245677,0.2319127690614298,-21.32654315980996,26152,test
lgb_global_l2,12.143151816196744,17.630720792876378,0.13842871368531515,0.3519071541039194,34792,validation
ridge_global,13.286815280110398,19.581347295562832,0.15146617418937428,2.428663160763285,34792,validation
previous_day,13.371022099838168,20.13149051198253,0.152426109625815,0.18051182639153232,34792,validation
daily_weekly_ensemble,13.74157903996441,20.514632139203286,0.15665036057361445,0.46095911701517955,34792,validation
slot_mean_7d,14.327924103229856,21.528274304098044,0.16333453895762415,0.5048736478269064,34792,validation
previous_week,18.412455296581143,27.798920753631396,0.2098971124691405,0.6638635149740855,34792,validation
slot_median_7d,18.844545825116306,26.046698490188607,0.21482283002304192,-13.234923787431553,34792,validation
lgb_global_l1,20.24378547519676,26.473396223697986,0.23077379134099024,-18.52985815216228,34792,validation
