model,median_household_nmae,p90_household_nmae,mean_household_mae,median_skill_vs_daily_weekly_ensemble,share_households_beating_daily_weekly_ensemble,households,PV_Status
lgb_global_l2,0.5668854431313831,0.7698249091637633,0.16644141042855287,0.09072411254362739,0.9636363636363636,110,false
daily_weekly_ensemble,0.6237954749051126,0.8513975597818084,0.18295484609294113,0.0,0.0,110,false
previous_day,0.7000257186204142,0.9493559084628261,0.20127599913559363,-0.10268486218386574,0.0,110,false
lgb_global_l2,0.656048846352373,0.8566615546682567,0.16009371675533612,0.08071426809545323,0.9007633587786259,131,true
daily_weekly_ensemble,0.7106433084364423,0.9281910055925802,0.17498191021199824,0.0,0.0,131,true
previous_day,0.7760030299072723,1.0013001653890474,0.18962019891922022,-0.08568322182967303,0.030534351145038167,131,true
lgb_global_l2,0.5575159149413323,0.7543982242155743,0.16056967634712696,0.0864702854616986,0.9135802469135802,162,unknown
daily_weekly_ensemble,0.6141386875448911,0.8275640352733127,0.1754342653770008,0.0,0.0,162,unknown
previous_day,0.6764613277673297,0.8995176812746094,0.19256787126184052,-0.0971556968462739,0.012345679012345678,162,unknown
