,imbalance cost (EUR)
0.3,5642.138329305766
0.325,5375.094892107354
0.35,5153.682793602937
0.375,4963.263735707503
0.4,4790.308307916986
0.425,4639.219730145733
0.45,4508.398874989522
0.475,4397.648808126536
0.5,4307.067336927288
0.525,4232.016183497964
0.55,4175.5462548634105
0.575,4141.522615035698
0.6,4121.750383808443
0.625,4120.30287554743
0.65,4135.195930914919
0.675,4164.208690075411
0.7,4215.213019277371
0.725,4287.984666355651
0.75,4386.727790084772
0.775,4521.430190020558
0.8,4712.17555376103
0.825,4951.638613386938
0.85,5261.262167971981
