,Naive (last week),Global model,Per-cluster models
MAE (kWh/h),104.61362880974904,31.856038950599306,31.3020457174468
RMSE (kWh/h),144.07288594558094,41.883351917966465,41.240985544192604
nMAE (%),20.101768359148505,6.121216930439597,6.014765756036501
bias (%),-1.77707119923448,1.3133436603432609,1.0771130564427347
share of error that is short (%),54.42018624303199,39.272201301899116,41.04609306387593
peak-hour nMAE 17-21h (%),16.78222684415999,5.134466949320817,4.949615462517622
P95 hourly error (kWh),313.0779543770599,85.75944922056674,84.12501499806129
worst day energy error (kWh),10389.857797814208,1697.6609783281829,1678.3002480487435
imbalance cost (EUR),17040.969271881804,4584.002362368596,4574.440810607019
EUR per household-year,92.63386492439321,24.918409796642997,24.866433674849798
% of energy bill,8.470513801728703,2.2785590806544755,2.273806343009674
saving vs naive (%),0.0,73.10010780940519,73.15621701076003
"EUR per year for 100,000 households",9263386.49243932,2491840.9796642996,2486643.36748498
