short premium,long discount,Naive (last week),Global model,Per-cluster models,best
0.25,0.1,41.989366802073825,10.530446787261905,10.592627183946638,Global model
0.25,0.3,59.29962944256497,18.245479231500283,17.954985797859674,Per-cluster models
0.25,0.5,76.60989208305611,25.96051167573867,25.317344411772716,Per-cluster models
0.5,0.1,75.32360228390208,17.203377352404615,17.504075060936756,Global model
0.5,0.3,92.63386492439321,24.918409796642997,24.866433674849798,Per-cluster models
0.5,0.5,109.94412756488437,32.63344224088139,32.22879228876284,Per-cluster models
1.0,0.1,141.99207324755858,30.549238482690047,31.326970814916994,Global model
1.0,0.3,159.30233588804973,38.264270926928425,38.68932942883003,Global model
1.0,0.5,176.61259852854087,45.9793033711668,46.05168804274308,Global model
