K,Cluster,n_households,MAE_kWh,RMSE_kWh,nMAE_pct,Bias_pct
1,1,316,22.0233,29.7052,6.397,1.2461
2,1,205,15.2121,20.13,6.5335,0.7773
2,2,111,10.8777,14.6532,9.7608,2.164
3,1,197,14.3487,19.2376,6.6555,1.7462
3,2,70,7.2562,9.4879,8.9028,0.5608
3,3,49,7.0743,9.5003,14.9954,1.2564
4,1,163,12.6147,16.8944,6.7919,0.6115
4,2,63,6.3324,8.6392,9.5194,2.9296
4,3,46,6.8271,9.1922,15.5721,0.1142
4,4,44,5.3066,6.8961,11.0141,1.1152
5,1,104,8.5026,11.3711,7.6509,2.5836
5,2,79,7.9036,10.4824,8.2992,-0.5634
5,3,53,5.6928,7.727,10.1288,2.7199
5,4,46,6.8271,9.1922,15.5721,0.1142
5,5,34,4.6549,6.0141,12.2943,1.3156
6,1,81,7.2146,9.7104,8.0277,2.428
6,2,69,6.7608,8.8076,8.6802,1.656
6,3,51,6.0783,8.2402,10.358,-1.5896
6,4,51,5.4782,7.438,10.258,2.2773
6,5,45,6.841,9.2077,15.8081,0.6604
6,6,19,3.392,4.4526,16.0351,2.9082
